,title,thumbnail,content,company,date
0,"""말도 과자 먹어요""... 국내 생산 첫 제품 출시",https://search.pstatic.net/common/?src=https%3A%2F%2Fimgnews.pstatic.net%2Fimage%2Forigin%2F5548%2F2022%2F10%2F11%2F27960.jpg&type=ofullfill264_180_gray&expire=2&refresh=true,"스포츠 호스(말)는 물론 모든 승용마들과의 교감을 위한 과자로서 기호에 따라 '베리러브', '페퍼민트러브', '애플러브' 등 3종 제품을 750g, 55g 등 2가지씩 모두 6종을 선보였다. 엑셀로바이츠는 합성보존료 무첨가로 쌀...",한국영농신문,2022.10.11.
1,"에픽게임즈 팀 스위니 CEO, ""애플 가격 인상은 명분 없다"" 비판",https://search.pstatic.net/common/?src=https%3A%2F%2Fimgnews.pstatic.net%2Fimage%2Forigin%2F5858%2F2022%2F10%2F11%2F1852.jpg&type=ofullfill264_180_gray&expire=2&refresh=true,미국 달러에 대한 가치가 상승하면서 애플은 얼마 전 앱스토어 가격을 인상했다. 이에 따라 국내를 비롯해 달러를 기축통화로 사용하지 않는 국가들의 앱스토어 앱 구매 가격이 일제히 올랐다. 현재 애플과 법정 공방을...,게임뷰,2022.10.11.
2,"컴투스, ‘서머너즈 워: 크로니클’ 12일 신규 서버 ‘라피스’ 오픈…""쾌적한...",https://search.pstatic.net/common/?src=https%3A%2F%2Fimgnews.pstatic.net%2Fimage%2Forigin%2F5052%2F2022%2F10%2F11%2F368039.jpg&type=ff264_180&expire=2&refresh=true,"지난 8월 국내 출시 이후 게임팬들에게 호평을 얻으며 구글플레이스토어 및 애플앱스토어의 양대 앱마켓 인기 게임 1위와 매출 순위 TOP10을 달성하고, 서비스 27일 만에 매출 100억 원 돌파 등의 성과를 거두고...",폴리뉴스,2022.10.11.
3,"케이앤씨텍, 아이폰14/14프로용 '아콘' 차량용 맥세이프 거치대 21종 출시",https://search.pstatic.net/common/?src=https%3A%2F%2Fimgnews.pstatic.net%2Fimage%2Forigin%2F5579%2F2022%2F10%2F11%2F40130.jpg&type=ofullfill264_180_gray&expire=2&refresh=true,"맥포드 시리즈는 마그네틱 기술을 이용한 애플의 전원 커넥터 방식의 맥세이프 충전 차량용 맥세이프 거치대로, 손쉬운 탈부착과 간편하고 견고한 거치 등 맥세이프의 장점을 그대로 살림으로써 아이폰 유저들이...",아이티비즈,2022.10.11.
4,"엑셀로이콰인R&D센터, '말과자' 국내 최초 대량 생산",https://search.pstatic.net/common/?src=https%3A%2F%2Fimgnews.pstatic.net%2Fimage%2Forigin%2F119%2F2022%2F10%2F11%2F2647131.jpg&type=ff264_180&expire=2&refresh=true,"스포츠 호스(말)는 물론 모든 승용마들과의 교감을 위한 과자로서 기호에 따라 '베리러브', '페퍼민트러브', '애플러브' 등 3종 제품을 750g, 55g 등 2가지씩 모두 6종을 선보였다. 엑셀로바이츠는 합성보존료 무첨가로 쌀...",데일리안,2022.10.11.
5,"넥슨, '마영전 X 댄싱사이더 컴퍼니' 컬래버 판매금 전액 기부",https://search.pstatic.net/common/?src=https%3A%2F%2Fimgnews.pstatic.net%2Fimage%2Forigin%2F092%2F2022%2F10%2F11%2F2270377.jpg&type=ff264_180&expire=2&refresh=true,"댄싱사이더 컴퍼니는 충주에 위치한 사과 과실주(애플사이더) 전문 양조장으로, 이번 기부는 댄싱사이더... 국제 사이더 품평회 GLINTCAP 등 해외에서 17종의 상을 받으며 대한민국 애플사이더의 저력을 전세계에 알린 업체다.",ZDNet Korea언론사 선정,2022.10.11.
6,삼성·애플 독주 스마트워치 도전장 내민 구글,https://search.pstatic.net/common/?src=https%3A%2F%2Fimgnews.pstatic.net%2Fimage%2Forigin%2F029%2F2022%2F10%2F11%2F2758787.jpg&type=ff264_180&expire=2&refresh=true,"삼성전자와 애플이 양강 구도를 형성하고 있는 시장에 강력한 경쟁자가 등장하고, 샤오미 등 중국... 삼성전자와 애플은 야외 활동에 특화된 프리미엄 모델인 '갤럭시워치5 프로'와 '애플워치 울트라'를 선보이면서...",디지털타임스,10면 TOP
7,"컴투스, '서머너즈 워: 크로니클' 신규 서버 12월 오픈",https://search.pstatic.net/common/?src=https%3A%2F%2Fimgnews.pstatic.net%2Fimage%2Forigin%2F5244%2F2022%2F10%2F11%2F414996.jpg&type=ofullfill264_180_gray&expire=2&refresh=true,"지난 8월 국내 출시 이후 구글플레이스토어 및 애플앱스토어 앱마켓 인기 게임 1위와 매출 순위 탑10을 달성하고, 서비스 27일 만에 매출 100억 원도 돌파했다. 컴투스 관계자는 ""신규 서버에서도 차별화된 게임성과...",미디어펜,2022.10.11.
8,"한국투자증권, ELS 50억 한도 공모",https://search.pstatic.net/common/?src=https%3A%2F%2Fimgnews.pstatic.net%2Fimage%2Forigin%2F5364%2F2022%2F10%2F11%2F669089.jpg&type=ofullfill264_180_gray&expire=2&refresh=true,'TRUE ELS 15488회'는 테슬라(Tesla)와 애플(Apple)을 기초자산으로 하는 3년 만기 상품이다. 6개월마다 기초자산 2종목의 주가를 관찰해 조기상환 여부를 결정하며 첫 기준가격의 △80%(6·12·18개월) △75%(24개월)...,신아일보,2022.10.11.
9,"넥슨, '마비노기 영웅전'과 댄싱사이더 컴퍼니 콜라보 판매금 전액 충주 지역...",https://search.pstatic.net/common/?src=https%3A%2F%2Fimgnews.pstatic.net%2Fimage%2Forigin%2F5351%2F2022%2F10%2F11%2F99159.jpg&type=ff264_180&expire=2&refresh=true,"댄싱사이더 컴퍼니는 충주에 위치한 사과 과실주(애플사이더) 전문 양조장으로, 이번 기부는 댄싱사이더... 사이더 품평회 GLINTCAP 등 해외에서 17종의 상을 받으며 대한민국 애플사이더의 저력을 전세계에 알린 업체다.",게임포커스,2022.10.11.
10,"현대카드, 국내 최초 '인플루언서 전용 카드' 출시 [카드오늘]",https://search.pstatic.net/common/?src=https%3A%2F%2Fimgnews.pstatic.net%2Fimage%2Forigin%2F5370%2F2022%2F10%2F11%2F100491.jpg&type=ofullfill264_180_gray&expire=2&refresh=true,"인플카 현대카드 회원은 아모레퍼시픽, CJ CGV, 파크 하얏트 서울 등 '인플카(INFLCA)' 애플리케이션의 제휴... 인플카 현대카드는 애플 앱스토어나 구글 플레이스토어에서 인플카 앱을 다운로드 받아 회원 가입 후...",시사오늘,2022.10.11.
11,"반도체 세계 1위, 삼성전자 밀리고 TSMC가 차지...애플도 중국 낸드 채용",https://search.pstatic.net/common/?src=https%3A%2F%2Fimgnews.pstatic.net%2Fimage%2Forigin%2F5787%2F2022%2F10%2F11%2F70619.jpg&type=ofullfill264_180_gray&expire=2&refresh=true,여기에 최근 미국의 애플도 중국의 메모리 업체를 낸드플래시 공급사로 선정하면서 국내 반도체 업체들의... 더욱이 미국 애플이 새로운 부품사를 추가로 물색하는 등 가격 경쟁을 유도하는 가운데 최근 중국의...,더퍼블릭,2022.10.11.
12,"한국투자증권, 테슬라·애플 기초 ELS 공모",https://search.pstatic.net/common/?src=https%3A%2F%2Fimgnews.pstatic.net%2Fimage%2Forigin%2F5827%2F2022%2F10%2F11%2F50036.jpg&type=ofullfill264_180_gray&expire=2&refresh=true,"'TRUE ELS 15488회'는 테슬라(Tesla)와 애플(Apple)을 기초자산으로 하는 3년 만기 상품이다. 6개월마다 기초자산 2종목의 주가를 관찰해 조기상환 여부를 결정하며 최초 기준가격의 80%(6, 12, 18개월), 75%(24개월), 70...",스마트에프엔,2022.10.11.
13,폰 하나로 번호 2개...KT '듀얼 상품' 가입 23만 명 돌파,https://search.pstatic.net/common/?src=https%3A%2F%2Fimgnews.pstatic.net%2Fimage%2Forigin%2F030%2F2022%2F10%2F11%2F3050356.jpg&type=ff264_180&expire=2&refresh=true,KT는 지난주 출시된 아이폰14 역시 e심 기능을 지원하고 20대가 애플 제품의 주요 구매층인 만큼 연내 50만 고객이 듀얼상품을 이용할 것으로 전망했다. 구강본 KT 커스토머사업본부장(상무)은 “목적에 따라 번호가 2개...,전자신문,2022.10.11.
14,"안동대, 첨단재료공학과 신설 ""K반도체 선도 인력 양성""",https://search.pstatic.net/common/?src=https%3A%2F%2Fimgnews.pstatic.net%2Fimage%2Forigin%2F088%2F2022%2F10%2F11%2F778812.jpg&type=ff264_180&expire=2&refresh=true,"최근 졸업생들이 애플, 삼성전자, SK하이닉스, 포스코와 같은 대기업은 물론 에코프로비엠, 엘앤에프, 스태츠칩팩코리아와 같은 굴지의 중견업체를 비롯해 한전기술원, 한국생산기술연구원, 한국재료연구원 등...",매일신문,2022.10.11.
15,빅테크에 대적할 카드사 '오픈페이' 나온다…'반쪽 동맹' 우려도,https://search.pstatic.net/common/?src=https%3A%2F%2Fimgnews.pstatic.net%2Fimage%2Forigin%2F008%2F2022%2F10%2F11%2F4804289.jpg&type=ff264_180&expire=2&refresh=true,카드사 앱(애플리케이션) 하나만 설치하면 여기에 다른 카드사의 카드를 등록해 간편결제 때 사용할 수... 제기되는 '애플페이'에 주력하는 모양새다. 여전히 오픈페이 참여 여부를 검토 중이라는 우리카드는 지난 8월...,머니투데이,17면 1단
16,"넥슨, '마영전×댄싱사이더 컴퍼니' 컬래버 판매금 기부",https://search.pstatic.net/common/?src=https%3A%2F%2Fimgnews.pstatic.net%2Fimage%2Forigin%2F5394%2F2022%2F10%2F11%2F845551.jpg&type=ofullfill264_180_gray&expire=2&refresh=true,"댄싱사이더 컴퍼니는 충주에 위치한 사과 과실주(애플사이더) 전문 양조장으로, 이번 기부는 댄싱사이더... 사이더 품평회 GLINTCAP 등 해외에서 17종의 상을 받으며 대한민국 애플사이더의 저력을 전 세계에 알린 업체다.",브릿지경제,2022.10.11.
17,"유안타증권, 해외주식 소수점 거래 서비스 개시",https://search.pstatic.net/common/?src=https%3A%2F%2Fimgnews.pstatic.net%2Fimage%2Forigin%2F5090%2F2022%2F10%2F11%2F2171932.jpg&type=ofullfill264_180_gray&expire=2&refresh=true,"해외 주식 소수점 거래 서비스가 개시됨에 따라 한 주당 가격이 높아 접근하기 힘들었던 테슬라, 구글, 애플, 아마존 등 미국 우량주를 1달러만 있어도 투자할 수 있게 됐다. 이에 소위 '주린이'라 불리는 주식...",아주경제,2022.10.11.
18,"(현장+)산돌, 폰트 업계 최초 상장 도전…콘텐츠 플랫폼 기업 도약",https://search.pstatic.net/common/?src=https%3A%2F%2Fimgnews.pstatic.net%2Fimage%2Forigin%2F5119%2F2022%2F10%2F11%2F862155.jpg&type=ff264_180&expire=2&refresh=true,"마이크로소프트의 기본 서체인 '맑은 고딕'과 애플 아이폰의 시스템 서체인 '애플 산돌 고딕 네오', 수글의 '본고딕' 등 글로벌 빅테크 기업의 대표적인 한글 서체들을 제작해왔다. 또한 최근에는 디지털 콘텐츠 환경에...",뉴스토마토,2022.10.11.
19,"엑셀로이콰인R&D센터, '말과자' 국내 최초 대량 생산",,"스포츠 호스(말)는 물론 모든 승용마들과의 교감을 위한 과자로 기호에 따라 '베리러브', '페퍼민트러브', '애플러브' 등 3종 제품을 750g, 55g 등 2가지씩 모두 6종을 선보였다.",세계일보,2022.10.11.
20,"8조 앞서던 삼성, 1년만에 TSMC에 반도체 1위 내주나",https://search.pstatic.net/common/?src=https%3A%2F%2Fimgnews.pstatic.net%2Fimage%2Forigin%2F5040%2F2022%2F10%2F11%2F278393.jpg&type=ofullfill264_180_gray&expire=2&refresh=true,"파운드리 생산 단가를 인상하고 있어 매출은 큰 폭으로 늘어날 것으로 예상된다. 최근 애플도 TSMC의 가격 인상을 받아들이지 않겠다고 반발했으나, 별다른 대책을 찾지 못해 가격 인상을 수용한 것으로 알려졌다.",한국금융신문,2022.10.11.
21,"한국투자증권, 테슬라·애플 기초 ELS 모집",https://search.pstatic.net/common/?src=https%3A%2F%2Fimgnews.pstatic.net%2Fimage%2Forigin%2F008%2F2022%2F10%2F11%2F4804287.jpg&type=ff264_180&expire=2&refresh=true,"'TRUE ELS 15488회'는 테슬라와 애플을 기초자산으로 하는 3년 만기 상품이다. 6개월마다 기초자산 2종목의 주가를 관찰해 조기상환 여부를 결정한다. 최초 기준가격의 80%(6, 12, 18개월), 75%(24개월), 70%(30개월), 60...",머니투데이,2022.10.11.
22,“과일과 허브로 맛과 향을”…말 과자 ‘엑셀로바이츠’ 출시,https://search.pstatic.net/common/?src=https%3A%2F%2Fimgnews.pstatic.net%2Fimage%2Forigin%2F5656%2F2022%2F10%2F11%2F85802.jpg&type=ff264_180&expire=2&refresh=true,"스포츠 호스(말)는 물론 승용마들과의 교감을 위한 과자로 기호에 따라 '베리러브', '페퍼민트러브', '애플러브' 등 3종 제품을 750g, 55g 등 2가지씩 총 6종을 선보였다.   엑셀로바이츠는 합성보존료 무첨가로 쌀, 아마씨...",서울경제TV,2022.10.11.
23,마비노기 영웅전 X 컴퍼니 컬래버 판매금 충주 지역사회 기부,https://search.pstatic.net/common/?src=https%3A%2F%2Fimgnews.pstatic.net%2Fimage%2Forigin%2F5544%2F2022%2F10%2F11%2F834291.jpg&type=ofullfill264_180_gray&expire=2&refresh=true,"댄싱사이더 컴퍼니는 충주에 위치한 사과 과실주(애플사이더) 전문 양조장으로, 이번 기부는 댄싱사이더 컴퍼니의 연고지인 충주 지역사회를 돕고자 마련됐다. 충주시청에서 진행된 기부금 전달식에는 조길형...",내외경제tv,2022.10.11.
24,"한국투자증권, 테슬라·애플 기초 ELS 모집",https://search.pstatic.net/common/?src=https%3A%2F%2Fimgnews.pstatic.net%2Fimage%2Forigin%2F468%2F2022%2F10%2F11%2F889789.jpg&type=ff264_180&expire=2&refresh=true,"‘TRUE ELS 15488회’는 테슬라(Tesla)와 애플(Apple)을 기초자산으로 하는 3년 만기 상품이다. 6개월마다 기초자산 2종목의 주가를 관찰해 조기상환 여부를 결정하며, 최초 기준가격의 80%(6, 12, 18개월), 75%(24개월), 70...",스포츠서울,2022.10.11.
25,"KT, 듀얼상품 가입자 23만 돌파",https://search.pstatic.net/common/?src=https%3A%2F%2Fimgnews.pstatic.net%2Fimage%2Forigin%2F5364%2F2022%2F10%2F11%2F669030.jpg&type=ofullfill264_180_gray&expire=2&refresh=true,"KT는 지난주 출시된 아이폰14 역시 e심 기능을 지원하고 20대가 애플 제품의 주요 구매층인 만큼 연내 50만 고객이KT의 듀얼번호, 듀얼번호Lite를 이용할 것으로 예상했다. 구강본 KT 커스토머사업본부장(상무)은...",신아일보,2022.10.11.
26,"공정위 동의의결제도, 실효성 논란 제기",https://search.pstatic.net/common/?src=https%3A%2F%2Fimgnews.pstatic.net%2Fimage%2Forigin%2F119%2F2022%2F10%2F11%2F2647118.jpg&type=ff264_180&expire=2&refresh=true,또한 이동통신사에게 광고비와 무상수리비용 등을 떠넘기는 등 갑질 논란에도 애플코리아 측이 동의의결 1000억원 규모 동의의결제도를 신청하면서도 법 위반을 인정하지 않아 비판이 거셌다. 일각에서는 ‘제도...,데일리안,2022.10.11.
27,"[글로벌] TSMC, 3분기 매출 27조원...삼성 누르고 업계 1위 오르나",https://search.pstatic.net/common/?src=https%3A%2F%2Fimgnews.pstatic.net%2Fimage%2Forigin%2F5447%2F2022%2F10%2F11%2F32871.jpg&type=ofullfill264_180_gray&expire=2&refresh=true,"고객사인 애플의 아이폰14 시리즈 출시 효과가 반영된 것""이라며 ""반도체 기업들의 재고가 쌓이고, 주문이 줄고 있는 가운데 TSMC는 홀로 침체기를 피해가고 있다""고 평가했습니다. 애플은 TSMC의 전체 매출 중...",테크M,2022.10.11.
28,"[포토] 넥슨, 마영전 컬래버 판매금 충주 지역사회에 기부",https://search.pstatic.net/common/?src=https%3A%2F%2Fimgnews.pstatic.net%2Fimage%2Forigin%2F5755%2F2022%2F10%2F11%2F66163.jpg&type=ofullfill264_180_gray&expire=2&refresh=true,"댄싱사이더 컴퍼니는 충주에 위치한 사과 과실주(애플사이더) 전문 양조장으로, 이번 기부는 댄싱사이더 컴퍼니의 연고지인 충주 지역사회를 돕고자 마련됐다. 충주시청에서 진행된 기부금 전달식에는 조길형...",아시아에이,2022.10.11.
29,"넥슨, '마영전X댄싱사이더 컴퍼니' 콜라보 판매금 전액 충주에 기부",https://search.pstatic.net/common/?src=https%3A%2F%2Fimgnews.pstatic.net%2Fimage%2Forigin%2F031%2F2022%2F10%2F11%2F702367.jpg&type=ff264_180&expire=2&refresh=true,댄싱사이더 컴퍼니는 충주에 위치한 사과 과실주(애플사이더) 전문 양조장이다. 이번 기부는 댄싱사이더 컴퍼니의 연고지인 충주 지역사회를 돕고자 마련됐다. 충주시청에서 진행된 기부금 전달식에는 조길형 충주시장과...,아이뉴스24,2022.10.11.
30,블로그 | 애플의 A16 바이오닉이 이름값 못하는 프로세서인 이유,https://search.pstatic.net/common/?src=https%3A%2F%2Fimgnews.pstatic.net%2Fimage%2Forigin%2F5110%2F2022%2F10%2F11%2F56574.jpg&type=ff264_180&expire=2&refresh=true,매년 애플은 새로운 A 시리즈 SoC(System on Chip)와 함께 최신 아이폰을 출시한다. 올해 애플은 완전히 새로운 경로를 택했다. 아이폰 14 프로 모델에만 새로운 A16 프로세서를 탑재하고 기본 모델에는 2021년 출시된...,ITWorld,2022.10.11.
31,"엑셀로이콰인R&D센터, 말과자 ‘엑셀로바이츠’ 출시",https://search.pstatic.net/common/?src=https%3A%2F%2Fimgnews.pstatic.net%2Fimage%2Forigin%2F5736%2F2022%2F10%2F11%2F76014.jpg&type=ofullfill264_180_gray&expire=2&refresh=true,"따라 '베리러브', '페퍼민트러브', '애플러브' 등 3종 제품을 750g, 55g 등이 두 가지씩 총 6종이다. 엑셀로바이츠는 합성보존료 무첨가로 쌀, 아마씨, 알파파, 옥수수 등 좋은 곡물과 풀에 과일과 허브를 넣고 한 입 크기로...",비욘드포스트,2022.10.11.
32,"[데일리픽] 그림 그리는 AI 화제, 3분기 PC 출하량 '뚝'",https://search.pstatic.net/common/?src=https%3A%2F%2Fimgnews.pstatic.net%2Fimage%2Forigin%2F5137%2F2022%2F10%2F11%2F124099.jpg&type=ofullfill264_180_gray&expire=2&refresh=true,"■ 3분기 PC 출하량 20% 가까이 '뚝'...애플만 성장세 올해 3분기 전 세계 PC 시장이 큰 폭의 하락세를 겪은 것으로 나타났다. 주요 PC 제조사 중 애플만 성장세를 누렸다. 시장조사기업 카날리스에 따르면, 올 3분기 PC...",디지털투데이,2022.10.11.
33,'스마트홈 주도권 확보' 민·관 뭉쳤다,https://search.pstatic.net/common/?src=https%3A%2F%2Fimgnews.pstatic.net%2Fimage%2Forigin%2F030%2F2022%2F10%2F11%2F3050348.jpg&type=ff264_180&expire=2&refresh=true,"최근 구글, 아마존, 애플, 삼성전자 등 270여개 기업이 개발에 참여한 글로벌 스마트홈 표준 매터가 공개됐다. 스마트홈 플랫폼 종속성을 해소 무한경쟁 시대를 예고한다. 여기에 AI를 활용한 개인 맞춤형 서비스 등 지능형...",전자신문,12면 TOP
34,"마비노기 영웅전, 댄싱사이더 컴퍼니 컬래버 판매금 충주 지역사회에 기부",https://search.pstatic.net/common/?src=https%3A%2F%2Fimgnews.pstatic.net%2Fimage%2Forigin%2F5017%2F2022%2F10%2F11%2F335994.jpg&type=ff264_180&expire=2&refresh=true,"댄싱사이더 컴퍼니는 충주에 위치한 사과 과실주(애플사이더) 전문 양조장으로, 이번 기부는 댄싱사이더 컴퍼니의 연고지인 충주 지역사회를 돕고자 마련됐다. 충주시청에서 진행된 기부금 전달식에는 조길형 충주시장과...",베타뉴스,2022.10.11.
35,"토치라이트: 인피니트, 제작 협업 파트너 고문 데이비드 브레빅 영상 공개",https://search.pstatic.net/common/?src=https%3A%2F%2Fimgnews.pstatic.net%2Fimage%2Forigin%2F5017%2F2022%2F10%2F11%2F335991.jpg&type=ff264_180&expire=2&refresh=true,"자신의 전략에 따라 독자적인 전투 스타일을 만들 수 있다""고 전했다. '토치라이트: 인피니트'는 10월 12일 전까지 사전예약을 진행한다. 사전예약은 애플 앱스토어와 구글플레이, 탭탭, 공식 홈페이지, 스팀에서 가능하다.",베타뉴스,2022.10.11.
36,아이폰·갤럭시에 ‘팬층’ 생기는 이유는 ‘친밀감’ 디자인,https://search.pstatic.net/common/?src=https%3A%2F%2Fimgnews.pstatic.net%2Fimage%2Forigin%2F5641%2F2022%2F10%2F11%2F45002.jpg&type=ofullfill264_180_gray&expire=2&refresh=true,"박설민 기자 | 국내 연구진이 애플의 아이폰, 삼성전자의 갤럭시 시리즈 등 일부 스마트폰 제품에 두터운 ‘팬층’이 생기는 이유를 밝혀냈다. 정보통신기술(ICT) 제품 및 서비스가 사회적 소속감과 친밀감 등을...",디지틀조선일보,2022.10.11.
37,"현대카드, 국내 최초 인플루언서 전용 카드 출시",https://search.pstatic.net/common/?src=https%3A%2F%2Fimgnews.pstatic.net%2Fimage%2Forigin%2F5187%2F2022%2F10%2F11%2F47560.jpg&type=ofullfill264_180_gray&expire=2&refresh=true,"인플카 현대카드 회원은 아모레퍼시픽, CJ CGV, 파크 하얏트 서울 등 '인플카(INFLCA)' 애플리케이션의 제휴... 인플카 현대카드는 애플 앱스토어나 구글 플레이스토어에서 인플카 앱을 다운로드 받아 회원 가입 후 신청할...",Korea IT Times,2022.10.11.
38,"이디야커피, ‘2022 E-드림 프로모션’ 3차 진행",,스페셜 음료는 ▲애플 루이보스티 ▲연유 밀크티 ▲제주 호지차 라떼 등 가을 신제품 3종과 ▲흑당 라떼 ▲달고나 라떼 ▲토피넛 라떼를 비롯한 9종의 밀크 베버리지 제품이다. 이디야 '턴테이블 블루투스 스피커'는...,스포츠조선,2022.10.11.
39,"넥슨, '마비노기 영웅전'X댄싱사이더 컴퍼니 컬래버 판매금 전액 기부",https://search.pstatic.net/common/?src=https%3A%2F%2Fimgnews.pstatic.net%2Fimage%2Forigin%2F5192%2F2022%2F10%2F11%2F74448.jpg&type=ofullfill264_180_gray&expire=2&refresh=true,"댄싱사이더 컴퍼니는 충주에 위치한 사과 과실주(애플사이더) 전문 양조장으로, 이번 기부는 댄싱사이더 컴퍼니의 연고지인 충주 지역사회를 돕고자 마련됐다. '마영전'과 댄싱사이더 컴퍼니는 지난 7월 사과즙을...",이코노미톡뉴스,2022.10.11.
40,"산돌 ""글로벌 크리에이터 콘텐츠 플랫폼 목표…내달 코스닥 상장""",https://search.pstatic.net/common/?src=https%3A%2F%2Fimgnews.pstatic.net%2Fimage%2Forigin%2F5358%2F2022%2F10%2F11%2F448973.jpg&type=ofullfill264_180_gray&expire=2&refresh=true,"대표적으로 마이크로소프트의 기본 서체인 '맑은 고딕'과 애플 아이폰의 시스템 서체인 '애플 산돌 고딕 네오(Apple SD Gothic Neo)', 구글의 '본고딕' 등 글로벌 기업들의 한글 서체를 제작해왔다.  국내의 경우 현대카드와...",데일리한국,2022.10.11.
41,"넥슨, '마비노기 영웅전' 콜라보 판매금 전액 충주 지역사회에 기부",https://search.pstatic.net/common/?src=https%3A%2F%2Fimgnews.pstatic.net%2Fimage%2Forigin%2F5665%2F2022%2F10%2F11%2F52672.jpg&type=ofullfill264_180_gray&expire=2&refresh=true,댄싱사이더 컴퍼니는 충주에 위치한 사과 과실주(애플사이더) 전문 양조장이다. 이번 기부는 댄싱사이더 컴퍼니의 연고지인 충주 지역사회를 돕고자 마련됐다. 향후 충주시청은 충북사회복지공동모금회를 통해...,포쓰저널,2022.10.11.
42,"""왜 청불이냐""…게임위, 선정성 논란 게임 '등급 재분류' 도마 위",https://search.pstatic.net/common/?src=https%3A%2F%2Fimgnews.pstatic.net%2Fimage%2Forigin%2F003%2F2022%2F10%2F11%2F11468472.jpg&type=ff264_180&expire=2&refresh=true,"이에 국내 게임사들은 구글, 애플 등 자체등급분류사업자를 통해 자율적으로 게임 등급을 매겨 게임을 출시하고 있으며, 게임위는 사후 모니터링을 담당한다. 그러나 수만개의 게임이 유통되는 반면 게임위의 모니터링...",뉴시스,2022.10.11.
43,"넥슨, '마비노기 영웅전' X 댄싱사이더 컴퍼니 컬래버 판매금 전액 충주지역사...",https://search.pstatic.net/common/?src=https%3A%2F%2Fimgnews.pstatic.net%2Fimage%2Forigin%2F5877%2F2022%2F10%2F11%2F5260.jpg&type=ofullfill264_180_gray&expire=2&refresh=true,"댄싱사이더 컴퍼니는 충주에 위치한 사과 과실주(애플사이더) 전문 양조장으로, 이번 기부는 댄싱사이더 컴퍼니의 연고지인 충주 지역사회를 돕고자 마련됐다. 충주시청에서 진행된 기부금 전달식에는 조길형...",S-저널,2022.10.11.
44,"충주 양조장과 협업한 넥슨 '마영전', 수익금 전액 지역 사회에 환원",https://search.pstatic.net/common/?src=https%3A%2F%2Fimgnews.pstatic.net%2Fimage%2Forigin%2F5518%2F2022%2F10%2F11%2F57220.jpg&type=ofullfill264_180_gray&expire=2&refresh=true,넥슨은 '마영전'과 사과 과실주(애플사이더) 전문 양조장 댄싱사이더 컴퍼니의 컬래버레이션 패키지 판매금 전액인 1990만원을 충주시청 이름으로 충북사회복지공동모금회에 기부했다고 11일 밝혔다. '마영전'과 사과...,파이낸셜투데이,2022.10.11.
45,"삼성·LG, 스마트홈 생태계 구축 '활발'...'연결성' 강화",https://search.pstatic.net/common/?src=https%3A%2F%2Fimgnews.pstatic.net%2Fimage%2Forigin%2F5288%2F2022%2F10%2F11%2F101557.jpg&type=ofullfill264_180_gray&expire=2&refresh=true,"LG 씽큐 앱은 현재 애플 홈킷, 아카라(Aqara), 헤이홈(Hejhome) 등 IoT 기기들과 연동된다. 최근엔 여러 제품을... 구글, 애플, 아마존, 알리바바 등 주요 IT업체와 통신, 건설업체까지 가세하면서 연결성 확장을 통해 시장...",현대경제신문,2022.10.11.
46,안동대 '첨단재료공학과' 신설…4차산업 시대 핵심인재 양성,https://search.pstatic.net/common/?src=https%3A%2F%2Fimgnews.pstatic.net%2Fimage%2Forigin%2F016%2F2022%2F10%2F11%2F2051238.jpg&type=ff264_180&expire=2&refresh=true,"최근 졸업생들이 애플, 삼성전자, SK하이닉스, 포스코와 같은 대기업은 물론, 에코프로비엠, 엘앤에프, 스태츠칩팩코리아와 같은 굴지의 중견업체, 한전기술원, 한국생산기술연구원, 한국재료연구원과 같은 공공기관으로...",헤럴드경제,2022.10.11.
47,"넥슨, ‘마비노기 영웅전’×댄싱사이더 컴퍼니 콜라보 판매금 전액 충주 지역...",https://search.pstatic.net/common/?src=https%3A%2F%2Fimgnews.pstatic.net%2Fimage%2Forigin%2F5293%2F2022%2F10%2F11%2F301910.jpg&type=ofullfill264_180_gray&expire=2&refresh=true,"댄싱사이더 컴퍼니는 충주에 위치한 사과 과실주(애플사이더) 전문 양조장으로, 이번 기부는 댄싱사이더 컴퍼니의 연고지인 충주 지역사회를 돕고자 마련됐다. 충주시청에서 진행된 기부금 전달식에는 조길형...",CNB뉴스,2022.10.11.
48,"삼성증권, 글로벌 실전투자대회 진행...""최대 상금 8000만원의 주인공은 나""",https://search.pstatic.net/common/?src=https%3A%2F%2Fimgnews.pstatic.net%2Fimage%2Forigin%2F5779%2F2022%2F10%2F11%2F31593.jpg&type=ofullfill264_180_gray&expire=2&refresh=true,"첫번째로 4일부터 삼성증권 홈페이지, 모바일 앱 엠팝, 홈트레이딩시스템에서 G6 투자 챌린지에 참가 신청을 한 고객 중 선착순 1만명에게 미국 대표 기업인 애플·테슬라·구글 중 한 종목을 '소수점...",뉴스락,2022.10.11.
49,"토치라이트: 인피니트, 제작 협업 파트너 고문 ‘데이비드 브레빅’ 인사 영상...",https://search.pstatic.net/common/?src=https%3A%2F%2Fimgnews.pstatic.net%2Fimage%2Forigin%2F5739%2F2022%2F10%2F11%2F27121.jpg&type=ofullfill264_180_gray&expire=2&refresh=true,"매력을 느낄 수 있도록 인도할 것으로 기대하고 있다. ‘토치라이트: 인피니트’는 10월 12일 전까지 사전예약을 진행한다. 사전예약은 애플 앱스토어와 구글플레이, TapTap(탭탭), 공식 홈페이지, Steam(스팀)에서 가능하다.",게임샷,2022.10.11.
50,"마비노기 영웅전, 댄싱사이더 컴퍼니 컬래버 판매금 전액 충주 지역사회에 기...",https://search.pstatic.net/common/?src=https%3A%2F%2Fimgnews.pstatic.net%2Fimage%2Forigin%2F5739%2F2022%2F10%2F11%2F27122.jpg&type=ofullfill264_180_gray&expire=2&refresh=true,"댄싱사이더 컴퍼니는 충주에 위치한 사과 과실주(애플사이더) 전문 양조장으로, 이번 기부는 댄싱사이더... 사이더 품평회 GLINTCAP 등 해외에서 17종의 상을 받으며 대한민국 애플사이더의 저력을 전세계에 알린 업체다.",게임샷,2022.10.11.
51,애플 watchOS 9.0.2 공개.. 애플워치 시리즈8·울트라 모델 마이크 버그 수정,https://search.pstatic.net/common/?src=https%3A%2F%2Fimgnews.pstatic.net%2Fimage%2Forigin%2F5036%2F2022%2F10%2F11%2F152637.jpg&type=ofullfill264_180_gray&expire=2&refresh=true,"10일(현지시간) 애플이 최신 watchOS 9.0.2 업데이트를 공개했다. 애플에 따르면 이번 업데이트에서는 스포티파이에서 오디오 스트리밍이 중단되는 문제 수정, AssistiveTouch 사용자의 경우 알람이 삭제된 후에도 나중에...",케이벤치,2022.10.11.
52,"한국투자증권, 테슬라·애플 기초 ELS 모집",https://search.pstatic.net/common/?src=https%3A%2F%2Fimgnews.pstatic.net%2Fimage%2Forigin%2F5093%2F2022%2F10%2F11%2F525930.jpg&type=ff264_180&expire=2&refresh=true,"TRUE ELS 15488회는 테슬라와 애플을 기초자산으로 하는 3년 만기 상품이다. 6개월마다 기초자산 2종목의 주가를 관찰해 조기상환 여부를 결정한다. 최초 기준가격의 80%(18개월까지), 75%(24개월), 70%(30개월), 60%(만기)...",EBN,2022.10.11.
53,"넥슨, 마비노기 영웅전·댄싱사이더 컴퍼니 패키지 판매금 기부",https://search.pstatic.net/common/?src=https%3A%2F%2Fimgnews.pstatic.net%2Fimage%2Forigin%2F366%2F2022%2F10%2F11%2F846566.jpg&type=ff264_180&expire=2&refresh=true,넥슨에 따르면 댄싱사이더 컴퍼니는 충주에 위치한 사과 과실주(애플사이더) 전문 양조장이다. 이번 기부는 댄싱사이더 컴퍼니의 연고지인 충주 지역사회를 돕기 위해 기획됐다. 기부금은 충북사회복지공동모금회를...,조선비즈,2022.10.11.
54,TSMC는 어떻게 '세계 1위' 반도체 기업이 됐나,https://search.pstatic.net/common/?src=https%3A%2F%2Fimgnews.pstatic.net%2Fimage%2Forigin%2F243%2F2022%2F10%2F11%2F31755.jpg&type=ff264_180&expire=2&refresh=true,"애플을 비롯해 퀄컴·인텔‧엔비디아등과 거래하고 있다. 지난 6월 삼성전자가 세계 최초로 3나노미터(㎚·1㎚는 10억분의 1m) 반도체 양산을 시작하며 경쟁에서 우위를 점하는 듯했지만, 애플‧인텔 등 글로벌...",이코노미스트언론사 선정,2022.10.11.
55,"넥슨 '마영전', 댄싱사이더 컴퍼니 협업 판매금 전액 기부",https://search.pstatic.net/common/?src=https%3A%2F%2Fimgnews.pstatic.net%2Fimage%2Forigin%2F629%2F2022%2F10%2F11%2F177441.jpg&type=ff264_180&expire=2&refresh=true,"댄싱사이더 컴퍼니는 충북 충주에 위치한 사과 과실주(애플사이더) 전문 양조장이다. 이번 기부는... NYICC, 미시건 국제 사이더 품평회 GLINTCAP 등 해외에서 17종 상을 받으며 대한민국 애플사이더 저력을 세계에 알린 업체다.",더팩트,2022.10.11.
56,"넥슨, '마비노기 영웅전' X 댄싱사이더 컴퍼니 컬래버 판매금 기부",https://search.pstatic.net/common/?src=https%3A%2F%2Fimgnews.pstatic.net%2Fimage%2Forigin%2F5359%2F2022%2F10%2F11%2F403144.jpg&type=ofullfill264_180_gray&expire=2&refresh=true,"댄싱사이더 컴퍼니는 충주에 위치한 사과 과실주(애플사이더) 전문 양조장으로, 이번 기부는 댄싱사이더 컴퍼니의 연고지인 충주 지역사회를 돕고자 마련됐다. 충주시청에서 진행된 기부금 전달식에는 조길형...",스포츠한국,2022.10.11.
57,[해외주식 Click] 서학개미 여전한 테슬라 사랑,https://search.pstatic.net/common/?src=https%3A%2F%2Fimgnews.pstatic.net%2Fimage%2Forigin%2F5286%2F2022%2F10%2F11%2F468654.jpg&type=ff264_180&expire=2&refresh=true,"그러나 최근 미국 증시 약세 속에서도 국내 개인투자자들은 테슬라, 애플 등 대형 기술주 중심으로 저가... 뒤 이어 순매수 3위 종목으로는 애플로 총 3590만달러 가량을 담았다. 애플은 글로벌 시총 1위 기업으로...",메트로신문,2022.10.11.
58,"산돌, 내달 코스닥 상장…""글로벌 크리에이터 콘텐츠 플랫폼 성장""",https://search.pstatic.net/common/?src=https%3A%2F%2Fimgnews.pstatic.net%2Fimage%2Forigin%2F5174%2F2022%2F10%2F11%2F339527.jpg&type=ofullfill264_180_gray&expire=2&refresh=true,"산돌은 마이크로소프트의 기본 서체인 '맑은 고딕'과 애플 아이폰의 시스템 서체인 '애플 산돌 고딕 네오', 구글의 '본고딕' 등 글로벌 빅테크 기업의 대표적인 한글 서체들을 제작해왔다. 이후 기업들에게 서체가...",컨슈머타임스,2022.10.11.
59,"KT, 듀얼 상품 가입자 23만 돌파 ""연내 50만이 듀얼번호 이용 할 것""",https://search.pstatic.net/common/?src=https%3A%2F%2Fimgnews.pstatic.net%2Fimage%2Forigin%2F5877%2F2022%2F10%2F11%2F5251.jpg&type=ofullfill264_180_gray&expire=2&refresh=true,"KT는 지난주 출시된 아이폰14 역시 e심 기능을 지원하고 20대가 애플 제품의 주요 구매층인 만큼 연내 50만 고객이KT의 듀얼번호, 듀얼번호Lite를 이용할 것으로 예상했다. KT 커스토머사업본부장 구강본 상무는...",S-저널,2022.10.11.
60,'던파모바일·히트2' 흥행에 나홀로 웃는 넥슨…이제 유저 챙긴다,https://search.pstatic.net/common/?src=https%3A%2F%2Fimgnews.pstatic.net%2Fimage%2Forigin%2F5270%2F2022%2F10%2F11%2F776696.jpg&type=ofullfill264_180_gray&expire=2&refresh=true,"던파모바일은 출시 첫날 구글 플레이스토어와 애플 앱스토어 등 양대 앱마켓 매출 1위를 석권하는 데... 히트2는 출시 하루 전인 8월 24일 사전 다운로드 개시 4시간 만에 애플 앱스토어 인기 1위를 차지했으며, 출시 하루...",뉴스웨이,2022.10.11.
61,"한국투자증권, ""테슬라·애플 기초 ELS 모집""",https://search.pstatic.net/common/?src=https%3A%2F%2Fimgnews.pstatic.net%2Fimage%2Forigin%2F5003%2F2022%2F10%2F11%2F1789078.jpg&type=ff264_180&expire=2&refresh=true,"'TRUE ELS 15488회'는 테슬라(Tesla)와 애플(Apple)을 기초자산으로 하는 3년 만기 상품이다. 6개월마다 기초자산 2종목의 주가를 관찰해 조기상환 여부를 결정한다. 최초 기준가격의 80%(6, 12, 18개월), 75%(24개월), 70...",이투데이,2022.10.11.
62,"부산항만공사, 항만물류통합플랫폼 활용 위한 캐릭터 공개",https://search.pstatic.net/common/?src=https%3A%2F%2Fimgnews.pstatic.net%2Fimage%2Forigin%2F5358%2F2022%2F10%2F11%2F448958.jpg&type=ofullfill264_180_gray&expire=2&refresh=true,또한 운송기사가 궁금해하는 각종 항만 정보를 모바일을 통해 확인할 수 있게 해 운송기사의 정보에 대한 갈증을 해소할 수 있을 것으로 기대된다. 올컨e는 안드로이드 및 애플 앱스토어에서 다운 받을 수 있다.,데일리한국,2022.10.11.
63,"[마비노기영웅전] 마비노기 영웅전, 댄싱사이더 컴퍼니 콜라보 판매금 전액 기...",https://search.pstatic.net/common/?src=https%3A%2F%2Fimgnews.pstatic.net%2Fimage%2Forigin%2F442%2F2022%2F10%2F11%2F154771.jpg&type=ff264_180&expire=2&refresh=true,"댄싱사이더 컴퍼니는 충주에 위치한 사과 과실주(애플사이더)?전문 양조장으로,?이번 기부는 댄싱사이더... GLINTCAP?등 해외에서?17종의 상을 받으며 대한민국 애플사이더의 저력을 전세계에 알린 업체다.",인벤,2022.10.11.
64,[IPO출사표]산돌 “폰트 기반 글로벌 크리에이터 콘텐츠 기업 도약”,https://search.pstatic.net/common/?src=https%3A%2F%2Fimgnews.pstatic.net%2Fimage%2Forigin%2F018%2F2022%2F10%2F11%2F5338894.jpg&type=ff264_180&expire=2&refresh=true,"산돌은 마이크로소프트의 기본 서체인 ‘맑은 고딕’, 애플 아이폰 시스템 서체인 ‘애플 산돌 고딕 네오’ 등의 글로벌 주요 기업의 서체를 제작했다. 이를 바탕으로 최근에는 현대카드, 배달의민족, 삼성전자 등의...",이데일리,2022.10.11.
65,광주 62개교·전남 154개교 동물사육…교육청 지원 필요,https://search.pstatic.net/common/?src=https%3A%2F%2Fimgnews.pstatic.net%2Fimage%2Forigin%2F003%2F2022%2F10%2F11%2F11468295.jpg&type=ofullfill264_180_gray&expire=2&refresh=true,"이어 닭이 2307마리, 갑각류(달팽이·가재·애플스네일) 1739마리, 딱정벌레류 967마리, 거북류 872마리, 토끼 743마리, 설치류(햄스터·다람쥐 등) 470마리, 조류(거위·공작·타조 등) 309마리 순이다. 이 밖에도 산양, 듄게코...",뉴시스,2022.10.11.
66,"넥슨, '마영전' X '댄싱사이더 컴퍼니' 컬래버 판매금 전액 기부",https://search.pstatic.net/common/?src=https%3A%2F%2Fimgnews.pstatic.net%2Fimage%2Forigin%2F5686%2F2022%2F10%2F11%2F91525.jpg&type=ofullfill264_180_gray&expire=2&refresh=true,"댄싱사이더 컴퍼니는 충주에 위치한 사과 과실주(애플사이더) 전문 양조장으로, 이번 기부는 댄싱사이더... 대한민국 애플사이더의 저력을 전세계에 알린 업체다. 【 청년일보=조성현 기자 】 (왼쪽부터)조길형...",청년일보,2022.10.11.
67,"넥슨, ‘마비노기 영웅전·댄싱사이더 컴퍼니' 콜라보 판매금 전액 충주 지역...",https://search.pstatic.net/common/?src=https%3A%2F%2Fimgnews.pstatic.net%2Fimage%2Forigin%2F5645%2F2022%2F10%2F11%2F128146.jpg&type=ofullfill264_180_gray&expire=2&refresh=true,"댄싱사이더 컴퍼니는 충주에 위치한 사과 과실주(애플사이더) 전문 양조장으로, 이번 기부는 댄싱사이더 컴퍼니의 연고지인 충주 지역사회를 돕고자 마련됐다. 충주시청에서 진행된 기부금 전달식에는 조길형...",빅데이터뉴스,2022.10.11.
68,[오전 주요 국제금융뉴스] (11일),https://search.pstatic.net/common/?src=https%3A%2F%2Fimgnews.pstatic.net%2Fimage%2Forigin%2F5227%2F2022%2F10%2F11%2F510048.jpg&type=ofullfill264_180_gray&expire=2&refresh=true,"https://news.einfomax.co.kr/news/articleView.html?idxno=4236960 ▲BoA ""애플 아이패드 매출, 올해·내년 하락 전망"" - 뱅크오브아메리카(BoA)는 팬데믹 동안 급증했던 애플(NAS:AAPL) 아이패드 매출이 올해와 내년 하락할...",연합인포맥스,2022.10.11.
69,[#증권톡톡] 신한투자증권 '해외주식 실전투자대회'·한국투자증권 '테슬라·...,https://search.pstatic.net/common/?src=https%3A%2F%2Fimgnews.pstatic.net%2Fimage%2Forigin%2F5525%2F2022%2F10%2F11%2F311972.jpg&type=ff264_180&expire=2&refresh=true,"한국투자증권은 테슬라와 애플을 기초 자산으로 하는 주가연계증권(ELS)을 50억원 한도로 공모하고... ◆한국투자증권, 테슬라·애플 기초 ELS 모집 한국투자증권은 뱅키스 전용 ELS를 50억원 한도로 공모한다. 'TRUE ELS...",뉴스웍스,2022.10.11.
70,‘인플루언서 전용카드’ 받아볼까…인스타 팔로워 100명이면 OK,https://search.pstatic.net/common/?src=https%3A%2F%2Fimgnews.pstatic.net%2Fimage%2Forigin%2F024%2F2022%2F10%2F11%2F77677.jpg&type=ff264_180&expire=2&refresh=true,인플카 현대카드는 애플 앱스토어나 구글 플레이스토어에서 인플카 앱을 다운로드받아 회원 가입 후 신청할 수 있다. 연회비는 1만원. 앞서 현대카드는 지난 6월 인플루언서 마케팅 플랫폼인 ‘마켓잇’의 전략적...,매경이코노미언론사 선정,2022.10.11.
71,"서초구, 프랑스 파리 15구 대학생 초대…'서초스터디 투어' 진행",https://search.pstatic.net/common/?src=https%3A%2F%2Fimgnews.pstatic.net%2Fimage%2Forigin%2F057%2F2022%2F10%2F11%2F1695288.jpg&type=ff264_180&expire=2&refresh=true,"이들은 2020년 유럽최고 환경상 '그린애플 어워즈' 은상을 받은 친환경 프로그램 '양재천 천천투어'와 '한국의 작은 프랑스 서래마을' 방문 등을 시작으로 한국의 랜드마크인 경복궁, 남산타워 등을 찾습니다. 마지막날...",MBN,2022.10.11.
72,컴투스 '서머너즈 워: 크로니클' 신규 서버 오픈,https://search.pstatic.net/common/?src=https%3A%2F%2Fimgnews.pstatic.net%2Fimage%2Forigin%2F5093%2F2022%2F10%2F11%2F525925.jpg&type=ff264_180&expire=2&refresh=true,"지난 8월 국내 출시 이후 게임 팬들에게 호평을 얻으며 구글플레이스토어 및 애플앱스토어의 양대 앱마켓 인기 게임 1위와 매출 순위 TOP10을 달성하고, 서비스 27일 만에 매출 100억원을 돌파하는 성과를 거뒀다....",EBN,2022.10.11.
73,"부산항만공사, ‘올컨e 삼남매’ 캐릭터 공개",https://search.pstatic.net/common/?src=https%3A%2F%2Fimgnews.pstatic.net%2Fimage%2Forigin%2F082%2F2022%2F10%2F11%2F1178383.jpg&type=ff264_180&expire=2&refresh=true,"및 애플 앱스토어에서 다운받을 수 있다. 강준석 BPA 사장은 “부산항의 효율적 운영을 위해 개발된 항만물류통합플랫폼인 올컨e를 많은 기사들이 사용하고, 이를 통해 대기시간 감소 등 실질적인 혜택이 돌아갈...",부산일보,2022.10.11.
74,마영전 X 댄싱사이더 컴퍼니 컬래버 판매금 전액 기부,https://search.pstatic.net/common/?src=https%3A%2F%2Fimgnews.pstatic.net%2Fimage%2Forigin%2F5025%2F2022%2F10%2F11%2F570335.jpg&type=ff264_180&expire=2&refresh=true,"댄싱사이더 컴퍼니는 충주에 위치한 사과 과실주(애플사이더) 전문 양조장으로, 이번 기부는 댄싱사이더... 사이더 품평회 GLINTCAP 등 해외에서 17종의 상을 받으며 대한민국 애플사이더의 저력을 전세계에 알린 업체다.",NSP통신,2022.10.11.
75,사람과 말의 교감 돕는 말과자 ‘엑셀로바이츠’ 출시…과일과 허브로 제조,https://search.pstatic.net/common/?src=https%3A%2F%2Fimgnews.pstatic.net%2Fimage%2Forigin%2F421%2F2022%2F10%2F11%2F6386138.jpg&type=ff264_180&expire=2&refresh=true,"스포츠 호스(말)는 물론 모든 승용마들과의 교감을 위한 과자로 기호에 따라 '베리러브', '페퍼민트러브', '애플러브' 등 3종 제품을 750g, 55g 등 2가지씩 모두 6종을 선보였다. 엑셀로바이츠는 합성보존료 무첨가로 쌀...",뉴스1,2022.10.11.
76,"[기자수첩] 주춤하는 AR, 약진하는 VR",https://search.pstatic.net/common/?src=https%3A%2F%2Fimgnews.pstatic.net%2Fimage%2Forigin%2F442%2F2022%2F10%2F11%2F154770.jpg&type=ff264_180&expire=2&refresh=true,"""AR이 가까운 장래에 큰 영향을 끼치게 될 것""이라고 단언한 애플 팀 쿡 CEO의 최근 발언이 무색할 정도로, AR이 넘어야 하는 기술적 장벽은 아직도 두텁게만 느껴졌다. 그에 비해 신형 VR 기기 간담회 현장에서 만난 VR...",인벤,2022.10.11.
77,"넥슨, ‘마비노기 영웅전 X 댄싱사이더 컴퍼니’ 컬래버레이션 패키지 판매금...",https://search.pstatic.net/common/?src=https%3A%2F%2Fimgnews.pstatic.net%2Fimage%2Forigin%2F5138%2F2022%2F10%2F11%2F404443.jpg&type=ff264_180&expire=2&refresh=true,댄싱사이더 컴퍼니는 사과 과실주(애플사이더) 전문 양조장이다. 이번 기부는 댄싱사이더 컴퍼니의... GLINTCAP 등 해외에서 17종의 상을 받으며 대한민국 애플사이더의 저력을 전세계에 알린 업체다. 이계풍기자 kplee@,e대한경제,2022.10.11.
78,"“폰 하나, 번호 두개”…KT, 듀얼번호 가입자 23만 돌파",https://search.pstatic.net/common/?src=https%3A%2F%2Fimgnews.pstatic.net%2Fimage%2Forigin%2F5003%2F2022%2F10%2F11%2F1789070.jpg&type=ofullfill264_180_gray&expire=2&refresh=true,현재 e심 사용이 가능한 스마트폰 단말기는 삼성전자의 갤럭시Z4 시리즈와 애플의 아이폰XS 시리즈 이후 기종이다. 업계 한 관계자는 “지난 7일 아이폰14가 국내 시장에 출시되며 e심 가능 단말기가 확대돼 앞으로...,이투데이,2022.10.11.
79,"산돌, 내달 코스닥 입성…""글로벌 크리에이터 콘텐츠 플랫폼 도약""",https://search.pstatic.net/common/?src=https%3A%2F%2Fimgnews.pstatic.net%2Fimage%2Forigin%2F015%2F2022%2F10%2F11%2F4760544.jpg&type=ff264_180&expire=2&refresh=true,"산돌은 마이크로소프트의 기본 서체인 '맑은 고딕'과 애플 아이폰의 시스템 서체인 '애플 산돌 고딕 네오'(Apple SD Gothic Neo), 구글의 '본고딕' 등 글로벌 빅테크 기업의 대표 한글 서체들을 제작해 왔다. 이후 기업들에게...",한국경제,2022.10.11.
80,"XD, ARPG 신작 '토치라이트: 인피니트' 제작 협업 파트너 고문 '데이비드 브레...",https://search.pstatic.net/common/?src=https%3A%2F%2Fimgnews.pstatic.net%2Fimage%2Forigin%2F5351%2F2022%2F10%2F11%2F99154.jpg&type=ff264_180&expire=2&refresh=true,"매력을 느낄 수 있도록 인도할 것으로 기대하고 있다. '토치라이트: 인피니트'는 10월 12일 전까지 사전예약을 진행한다. 사전예약은 애플 앱스토어와 구글플레이, TapTap(탭탭), 공식 홈페이지, Steam(스팀)에서 가능하다.",게임포커스,2022.10.11.
81,"힐링쉴드, 애플워치 스트랩 '밀레니즈루프' 라인업 출시 ",https://search.pstatic.net/common/?src=https%3A%2F%2Fimgnews.pstatic.net%2Fimage%2Forigin%2F5813%2F2022%2F10%2F11%2F20847.jpg&type=ofullfill264_180_gray&expire=2&refresh=true,디지털 디바이스 액세서리 보호필름 전문 브랜드 '힐링쉴드'가 애플워치 스트랩 '밀레니즈루프'를 새롭게 출시했다고 11일 밝혔다. 사진=힐링쉴드  디지털 디바이스 액세서리 보호필름 전문 브랜드 '힐링쉴드'가 애플워치...,비즈월드,2022.10.11.
82,갤S23 출시 빨라지나…삼성 '2023년형' 조기 투입,https://search.pstatic.net/common/?src=https%3A%2F%2Fimgnews.pstatic.net%2Fimage%2Forigin%2F011%2F2022%2F10%2F11%2F4108762.jpg&type=ff264_180&expire=2&refresh=true,"경쟁자 애플 견제에 나섰다는 평가다. 11일 업계에 따르면 삼성전자는 최근 갤럭시A04s를 인도... 시장조사기관 카운터포인트리서치에 따르면 지난해 스마트폰 판매량 기준 점유율은 삼성전자 18.9%, 애플 17.2%였다....",서울경제,15면 9단
83,"KT, 듀얼 상품 가입자 23만명 돌파",https://search.pstatic.net/common/?src=https%3A%2F%2Fimgnews.pstatic.net%2Fimage%2Forigin%2F5466%2F2022%2F10%2F11%2F33139.jpg&type=ofullfill264_180_gray&expire=2&refresh=true,"KT는 지난주 출시된 아이폰14 역시 e심 기능을 지원하고 20대가 애플 제품의 주요 구매층인 만큼 연내 50만 고객이 KT의 듀얼번호, 듀얼번호Lite를 이용할 것으로 예상했다. KT 커스토머사업본부장 구강본 상무는 ""하나의...",백세시대,2022.10.11.
84,[뉴스 줌인] 글로벌기업이 '공짜' 망 쓰겠다는데... 손놓은 국회,https://search.pstatic.net/common/?src=https%3A%2F%2Fimgnews.pstatic.net%2Fimage%2Forigin%2F030%2F2022%2F10%2F11%2F3050312.jpg&type=ff264_180&expire=2&refresh=true,"실제 한국에 서버를 구축하거나 콘텐츠전송네트워크사업자(CDN)를 이용해서 간접연결하는 애플, 마이크로소프트, 아마존 등 글로벌 기업이 통신사에 어떤 형태로든 망 이용 대가를 지불하고 있다. 한국의 통신망에 연결된...",전자신문언론사 선정,2면 3단
85,[오늘 뭐 먹지] 이마트24·이디야커피·버거킹 외,https://search.pstatic.net/common/?src=https%3A%2F%2Fimgnews.pstatic.net%2Fimage%2Forigin%2F5325%2F2022%2F10%2F11%2F267073.jpg&type=ofullfill264_180_gray&expire=2&refresh=true,"스페셜 음료는 △애플 루이보스티 △연유 밀크티 △제주 호지차 라떼 등 가을 신제품 3종과 △흑당 라떼... 'H-DAY'는 SPC그룹 브랜드 매장에서 1만원 이상 구매 후, 해피포인트 애플리케이션(이하 해피앱)으로 포인트를...",프라임경제,2022.10.11.
86,"KT, 듀얼 상품 가입자 23만 돌파...""연내 50만 확대""",https://search.pstatic.net/common/?src=https%3A%2F%2Fimgnews.pstatic.net%2Fimage%2Forigin%2F5288%2F2022%2F10%2F11%2F101543.jpg&type=ofullfill264_180_gray&expire=2&refresh=true,"KT는 지난주 출시된 아이폰14 역시 e심 기능을 지원하고 20대가 애플 제품의 주요 구매층인 만큼 연내 50만 고객이KT의 듀얼번호, 듀얼번호 라이트를 이용할 것으로 예상했다. 구강본 KT 커스토머사업본부장 상무는...",현대경제신문,2022.10.11.
87,"KT, 듀얼 상품 가입자 23만 명 넘어…연내 50만 명 예상",https://search.pstatic.net/common/?src=https%3A%2F%2Fimgnews.pstatic.net%2Fimage%2Forigin%2F5752%2F2022%2F10%2F11%2F44026.jpg&type=ofullfill264_180_gray&expire=2&refresh=true,"KT는 지난주 출시된 아이폰14 역시 e심 기능을 지원하고 20대가 애플 제품의 주요 구매층인 만큼 연내 50만 고객이 KT의 듀얼번호, 듀얼번호Lite를 이용할 것으로 예상했다. KT 커스토머사업본부장 구강본 상무는 ""하나의...",테크월드,2022.10.11.
88,유안타증권 '해외주식 소수점 거래 서비스' 개시,https://search.pstatic.net/common/?src=https%3A%2F%2Fimgnews.pstatic.net%2Fimage%2Forigin%2F421%2F2022%2F10%2F11%2F6386075.jpg&type=ff264_180&expire=2&refresh=true,"유안타증권 측은 ""서비스 오픈으로 한 주당 가격이 높아 접근하기 힘들었던 테슬라, 구글, 애플, 아마존 등 미국 우량주를 1달러만 있어도 투자할 수 있다""며 ""주식 초보자들과 소액 투자자들이 적은 금액으로 해외투자가...",뉴스1,2022.10.11.
89,진짜 과일과 허브로 맛과 향을 낸 국내산 말과자 '엑셀로바이츠' 출시,https://search.pstatic.net/common/?src=https%3A%2F%2Fimgnews.pstatic.net%2Fimage%2Forigin%2F5415%2F2022%2F10%2F11%2F183289.jpg&type=ofullfill264_180_gray&expire=2&refresh=true,"스포츠 호스(말)는 물론 모든 승용마들과의 교감을 위한 과자로서 기호에 따라 '베리러브', '페퍼민트러브', '애플러브' 등 3종 제품을 750g, 55g 등 2가지씩 모두 6종을 선보였다. 진짜 과일과 허브로 맛과 향을 낸 말...",문화뉴스,2022.10.11.
90,"넥슨-댄싱사이더, 컬래버 판매금 기부",https://search.pstatic.net/common/?src=https%3A%2F%2Fimgnews.pstatic.net%2Fimage%2Forigin%2F5772%2F2022%2F10%2F11%2F19622.jpg&type=ofullfill264_180_gray&expire=2&refresh=true,"댄싱사이더 컴퍼니는 충주에 위치한 사과 과실주(애플사이더) 전문 양조장으로, 이번 기부는 댄싱사이더 컴퍼니의 연고지인 충주 지역사회를 돕고자 마련됐습니다. 향후 충주시청은 충북사회복지공동모금회를 통해...",뉴스클레임,2022.10.11.
91,"KT, 듀얼 상품 가입자 23만 돌파",https://search.pstatic.net/common/?src=https%3A%2F%2Fimgnews.pstatic.net%2Fimage%2Forigin%2F5293%2F2022%2F10%2F11%2F301880.jpg&type=ofullfill264_180_gray&expire=2&refresh=true,"KT는 지난주 출시된 아이폰14 역시 e심 기능을 지원하고 20대가 애플 제품의 주요 구매층인 만큼 연내 50만 고객이KT의 듀얼번호, 듀얼번호Lite를 이용할 것으로 예상했다. KT 커스토머사업본부장 구강본 상무는 “하나의...",CNB뉴스,2022.10.11.
92,"넥슨-댄싱사이더, 컬래버 수익 충주 지역 사회에 기부",https://search.pstatic.net/common/?src=https%3A%2F%2Fimgnews.pstatic.net%2Fimage%2Forigin%2F5497%2F2022%2F10%2F11%2F18289.jpg&type=ofullfill264_180_gray&expire=2&refresh=true,댄싱사이더컴퍼니는 충주에 위치한 사과 과실주(애플사이더) 전문 양조장이다. 기부는 댄싱사이더컴퍼니... 사이더 품평회 GLINTCAP 등 해외에서 17종의 상을 받으며 대한민국 애플사이더의 저력을 전세계에 알린 업체다.,게임톡,2022.10.11.
93,"컴투스, '서머너즈 워: 크로니클' 신규서버 '라피스' 12일 오픈",https://search.pstatic.net/common/?src=https%3A%2F%2Fimgnews.pstatic.net%2Fimage%2Forigin%2F5491%2F2022%2F10%2F11%2F26820.jpg&type=ofullfill264_180_gray&expire=2&refresh=true,"지난 8월 국내 출시 이후 게임팬들에게 호평을 얻으며 구글플레이스토어 및 애플앱스토어의 양대 앱마켓 인기 게임 1위와 매출 순위 TOP10을 달성하고, 서비스 27일 만에 매출 100억 원 돌파 등의 성과를 거두고 있다....",뉴스포스트,2022.10.11.
94,"[글로벌] 애플 에어태그와 자전거의 만남…""도난 방지 최적 솔루션""",https://search.pstatic.net/common/?src=https%3A%2F%2Fimgnews.pstatic.net%2Fimage%2Forigin%2F5046%2F2022%2F10%2F11%2F93595.jpg&type=ofullfill264_180_gray&expire=2&refresh=true,에어벨이 애플 에어태그를 장착한 자전거 벨을 선보였다. 사진=에어벨 문제는 도난이다. 특히 전기자전거... 애플 에어태그(AirTag)와 자전거가 만나 도난 가능성을 낮췄다. 유럽에서 비즈니스를 진행하는 에어벨(AirBell)이...,아이티데일리,2022.10.11.
95,"'폰트 업계 1위' 산돌, 내달 코스닥 상장…""플랫폼 기업으로 도약""",https://search.pstatic.net/common/?src=https%3A%2F%2Fimgnews.pstatic.net%2Fimage%2Forigin%2F421%2F2022%2F10%2F11%2F6386048.jpg&type=ff264_180&expire=2&refresh=true,"마이크로소프트의 기본 서체인 '맑은 고딕'과 애플 아이폰 시스템 서체인 '애플 산돌고딕 네도', 구글의 '본고딕' 등 글로벌 빅테크 기업의 대표적인 한글 서체들을 제작해왔다. 회사의 향후 경쟁력은 '플랫폼'이다....",뉴스1,2022.10.11.
96,"넥슨, ‘마비노기 영웅전’ X 댄싱사이더 컴퍼니 컬래버 판매금 전액 충주 지...",https://search.pstatic.net/common/?src=https%3A%2F%2Fimgnews.pstatic.net%2Fimage%2Forigin%2F5053%2F2022%2F10%2F11%2F129991.jpg&type=ofullfill264_180_gray&expire=2&refresh=true,"댄싱사이더 컴퍼니는 충주에 위치한 사과 과실주(애플사이더) 전문 양조장으로, 이번 기부는 댄싱사이더... 사이더 품평회 GLINTCAP 등 해외에서 17종의 상을 받으며 대한민국 애플사이더의 저력을 전세계에 알린 업체다.",디스이즈게임,2022.10.11.
97,"유안타증권, 해외주식 소수점 거래 서비스 오픈",https://search.pstatic.net/common/?src=https%3A%2F%2Fimgnews.pstatic.net%2Fimage%2Forigin%2F015%2F2022%2F10%2F11%2F4760537.jpg&type=ff264_180&expire=2&refresh=true,"서비스 오픈으로 한 주당 가격이 높아 접근하기 힘들었던 테슬라, 구글, 애플, 아마존 등 미국 우량주를 1달러만 있어도 투자할 수 있어 주식 초보자들과 소액 투자자들이 적은 금액으로 해외투자가 가능하며 기존...",한국경제,2022.10.11.
98,"엑셀로이콰인R&D센터, 말 과자 '엑셀로바이츠' 출시",https://search.pstatic.net/common/?src=https%3A%2F%2Fimgnews.pstatic.net%2Fimage%2Forigin%2F5295%2F2022%2F10%2F11%2F64543.jpg&type=ofullfill264_180_gray&expire=2&refresh=true,"스포츠 호스(말)는 물론 모든 승용마들과의 교감을 위한 과자로서 기호에 따라 '베리러브', '페퍼민트러브', '애플러브' 등 3종 제품을 750g, 55g 등 2가지씩 모두 6종을 선보였다. 엑셀로바이츠는 합성보존료 무첨가로 쌀...",베이비뉴스,2022.10.11.
99,"[Daily Pick 금융] 신한카드, 롯데카드, 현대카드, BC카드, 토스플레이스 外",https://search.pstatic.net/common/?src=https%3A%2F%2Fimgnews.pstatic.net%2Fimage%2Forigin%2F5824%2F2022%2F10%2F11%2F15117.jpg&type=ofullfill264_180_gray&expire=2&refresh=true,"인플카 현대카드 회원은 아모레퍼시픽, CJ CGV, 파크 하얏트 서울 등 '인플카(INFLCA)' 애플리케이션의 제휴... 인플카 현대카드는 애플 앱스토어나 구 플레이스토어에서 인플카 앱을 다운로드 받아 회원 가입 후 신청할 수...",뉴스저널리즘,2022.10.11.
