,id,name,price,url
0,6135671327,"Apple 2021 에어팟 프로 블루투스 이어폰 맥세이프 호환, MLWK3KH/A","283,000",/vp/products/6135671327?itemId=11731447886&vendorItemId=81400378605&q=%EC%97%90%EC%96%B4%ED%8C%9F&itemsCount=36&searchId=62e1e8a14d6e4a439237f04dcde8de41&rank=0
1,6790570821,"Apple 2022 에어팟 프로 2세대 블루투스 이어폰, 화이트","359,000",/vp/products/6790570821?itemId=15997176844&vendorItemId=83202423254&q=%EC%97%90%EC%96%B4%ED%8C%9F&itemsCount=36&searchId=62e1e8a14d6e4a439237f04dcde8de41&rank=1
2,210191353,"Apple 에어팟 2세대 무선 충전 모델, MRXJ2KH/A","3,921,350",/vp/products/210191353?itemId=625994316&vendorItemId=80469524747&q=%EC%97%90%EC%96%B4%ED%8C%9F&itemsCount=36&searchId=62e1e8a14d6e4a439237f04dcde8de41&rank=2
3,210191841,"Apple 에어팟 2세대 유선 충전 모델, MV7N2KH/A","167,700",/vp/products/210191841?itemId=2386507783&vendorItemId=4643936599&q=%EC%97%90%EC%96%B4%ED%8C%9F&itemsCount=36&searchId=62e1e8a14d6e4a439237f04dcde8de41&rank=3
4,6135671335,"Apple 2021 에어팟 3세대 블루투스 이어폰, MME73KH/A","228,650",/vp/products/6135671335?itemId=11731447959&vendorItemId=79005405830&q=%EC%97%90%EC%96%B4%ED%8C%9F&itemsCount=36&searchId=62e1e8a14d6e4a439237f04dcde8de41&rank=4
5,4584075863,"Apple 에어팟 맥스 블루투스헤드셋, 실버","699,000",/vp/products/4584075863?itemId=5623805740&vendorItemId=72922972711&pickType=COU_PICK&q=%EC%97%90%EC%96%B4%ED%8C%9F&itemsCount=36&searchId=62e1e8a14d6e4a439237f04dcde8de41&rank=5
6,4584075863,"Apple 에어팟 맥스 블루투스헤드셋, 스페이스 그레이","693,000",/vp/products/4584075863?itemId=6345230591&vendorItemId=72922972644&q=%EC%97%90%EC%96%B4%ED%8C%9F&itemsCount=36&searchId=62e1e8a14d6e4a439237f04dcde8de41&rank=6
7,6283586943,"Apple Beats Fit Pro 진정한 무선 이어버드, Beats 블랙","211,600",/vp/products/6283586943?itemId=12914687139&vendorItemId=80179464142&q=%EC%97%90%EC%96%B4%ED%8C%9F&itemsCount=36&searchId=62e1e8a14d6e4a439237f04dcde8de41&rank=7
8,6567827755,"펭카 버즈 노이즈캔슬링 커널형 무선충전 블루투스 이어폰 PB2004, 퍼플","39,900",/vp/products/6567827755?itemId=14731563054&vendorItemId=82043125338&sourceType=srp_product_ads&clickEventId=67c4d304-c56f-4a19-8788-f0a71cebb649&korePlacement=15&koreSubPlacement=9&clickEventId=67c4d304-c56f-4a19-8788-f0a71cebb649&korePlacement=15&koreSubPlacement=9&q=%EC%97%90%EC%96%B4%ED%8C%9F&itemsCount=36&searchId=62e1e8a14d6e4a439237f04dcde8de41&rank=8
9,210191864,"Apple 에어팟 무선 충전 케이스, MR8U2KH/A","50,400",/vp/products/210191864?itemId=625998405&vendorItemId=4643936922&q=%EC%97%90%EC%96%B4%ED%8C%9F&itemsCount=36&searchId=62e1e8a14d6e4a439237f04dcde8de41&rank=9
10,6529650988,"블라우풍트 ANC 노이즈 캔슬링 블루투스 5.3 커널형 이어폰 BLP-BE321, 화이트","37,900",/vp/products/6529650988?itemId=14497437656&vendorItemId=82629984434&sourceType=srp_product_ads&clickEventId=2637353a-efcd-4d84-96aa-63c33d6566f3&korePlacement=15&koreSubPlacement=11&clickEventId=2637353a-efcd-4d84-96aa-63c33d6566f3&korePlacement=15&koreSubPlacement=11&q=%EC%97%90%EC%96%B4%ED%8C%9F&itemsCount=36&searchId=62e1e8a14d6e4a439237f04dcde8de41&rank=10
11,6577491155,"닥터포텐 이어프로 미니 맥스 노이즈캔슬링 무선 블루투스 이어폰, 화이트, 이어프로 미니맥스 1set","59,000",/vp/products/6577491155?itemId=14788336601&vendorItemId=82028342910&sourceType=srp_product_ads&clickEventId=515d3086-674c-4575-ad83-fa451ae5a6f1&korePlacement=15&koreSubPlacement=12&clickEventId=515d3086-674c-4575-ad83-fa451ae5a6f1&korePlacement=15&koreSubPlacement=12&q=%EC%97%90%EC%96%B4%ED%8C%9F&itemsCount=36&searchId=62e1e8a14d6e4a439237f04dcde8de41&rank=11
12,1659546282,"애플코리아 에어팟 오른쪽 왼쪽 1세대 2세대 한쪽판매 블루투스이어폰, 유닛 단품, 2세대 오른쪽(Right)","66,920",/vp/products/1659546282?itemId=2827196507&vendorItemId=73532108536&q=%EC%97%90%EC%96%B4%ED%8C%9F&itemsCount=36&searchId=62e1e8a14d6e4a439237f04dcde8de41&rank=12
13,1157327643,"애플코리아 에어팟 오른쪽 왼쪽 1세대 2세대 한쪽판매 블루투스이어폰, 2세대 유선충전기(Charger), 본체 단품","42,450",/vp/products/1157327643?itemId=2133268192&vendorItemId=81445780407&q=%EC%97%90%EC%96%B4%ED%8C%9F&itemsCount=36&searchId=62e1e8a14d6e4a439237f04dcde8de41&rank=13
14,6490026771,"포켓팟 3세대 블루투스 5.1 무선 충전 이어폰 인체공학 디자인, 포켓팟 (KC인증) / 화이트 - 1개","44,900",/vp/products/6490026771?itemId=14243816890&vendorItemId=79372140280&sourceType=srp_product_ads&clickEventId=5f6c9b61-25c1-4f65-9ddb-3a2e6ecbe2ec&korePlacement=15&koreSubPlacement=15&clickEventId=5f6c9b61-25c1-4f65-9ddb-3a2e6ecbe2ec&korePlacement=15&koreSubPlacement=15&q=%EC%97%90%EC%96%B4%ED%8C%9F&itemsCount=36&searchId=62e1e8a14d6e4a439237f04dcde8de41&rank=14
15,6651687588,"Apple 2021 에어팟 프로 블루투스 이어폰 맥세이프 호환1354038 10, 단일색상135403810 _MLWK3KH/A","299,800",/vp/products/6651687588?itemId=15243109741&vendorItemId=82584854622&q=%EC%97%90%EC%96%B4%ED%8C%9F&itemsCount=36&searchId=62e1e8a14d6e4a439237f04dcde8de41&rank=15
16,5683959239,"펜톤 코어 무선 블루투스 5.2 게이밍모드 이어폰, 블랙","48,050",/vp/products/5683959239?itemId=9394496954&vendorItemId=76735132856&sourceType=srp_product_ads&clickEventId=2330927c-1e84-406e-89e8-7c4cdd5140aa&korePlacement=15&koreSubPlacement=17&clickEventId=2330927c-1e84-406e-89e8-7c4cdd5140aa&korePlacement=15&koreSubPlacement=17&q=%EC%97%90%EC%96%B4%ED%8C%9F&itemsCount=36&searchId=62e1e8a14d6e4a439237f04dcde8de41&rank=16
17,6714281938,"애플 Apple 에어팟 프로 애플코리아 정품 블루투스이어폰, 상세 설명 참조, 상세 설명 참조","329,000",/vp/products/6714281938?itemId=15597511711&vendorItemId=82213669679&q=%EC%97%90%EC%96%B4%ED%8C%9F&itemsCount=36&searchId=62e1e8a14d6e4a439237f04dcde8de41&rank=17
18,6279602468,준준베베 차이팟 프로 ANC 리얼캔슬팟 14세대 잡s도 속앗다 블루투스 무선 이어폰 화이트 스포츠 운동 가성비 아이폰 갤럭시 샤오미 호환 액티브 노이즈 캔슬링 12대 13세대,"37,500",/vp/products/6279602468?itemId=12887763698&vendorItemId=72038981579&sourceType=srp_product_ads&clickEventId=ef77ca6a-0156-41eb-849a-91c508956a4d&korePlacement=15&koreSubPlacement=19&clickEventId=ef77ca6a-0156-41eb-849a-91c508956a4d&korePlacement=15&koreSubPlacement=19&q=%EC%97%90%EC%96%B4%ED%8C%9F&itemsCount=36&searchId=62e1e8a14d6e4a439237f04dcde8de41&rank=18
19,5650883946,"APPLE 애플 에어팟프로 왼쪽 오른쪽 한쪽 단품 한쪽구매 블루투스이어폰 MLWK3KH/A, 에어팟프로 오른쪽","95,700",/vp/products/5650883946?itemId=9246441184&vendorItemId=80951316753&q=%EC%97%90%EC%96%B4%ED%8C%9F&itemsCount=36&searchId=62e1e8a14d6e4a439237f04dcde8de41&rank=19
20,6199669727,"에어팟 3세대 단품 왼쪽 오른쪽 충전케이스 낱개 유닛 손소독제 사은품 증정, 3세대 왼쪽 유닛","105,000",/vp/products/6199669727?itemId=12293153498&vendorItemId=79563426502&q=%EC%97%90%EC%96%B4%ED%8C%9F&itemsCount=36&searchId=62e1e8a14d6e4a439237f04dcde8de41&rank=20
21,6403195378,"애플코리아 에어팟2세대 유선충전케이스 (이어폰 미포함) 블루투스이어폰, 흰색, 에어팟프로 충전기(유닛미포함)","77,930",/vp/products/6403195378?itemId=13699162892&vendorItemId=70082635226&q=%EC%97%90%EC%96%B4%ED%8C%9F&itemsCount=36&searchId=62e1e8a14d6e4a439237f04dcde8de41&rank=21
22,6012431366,"에어팟 프로 단품 유닛 없어진 한쪽 낱개 왼쪽 오른쪽 본체만 에어팟프로 3세대 블루투스이어폰 개별 구매 (사은품증정 의약외품손소독제) 정품판매자 악동모바일 필수 확인, (7607)왼쪽유닛+미우소독제50ml","189,000",/vp/products/6012431366?itemId=10910926229&vendorItemId=77589056053&q=%EC%97%90%EC%96%B4%ED%8C%9F&itemsCount=36&searchId=62e1e8a14d6e4a439237f04dcde8de41&rank=22
23,6701558346,"애플 정품 에어팟 프로 2021년형 (MLWK3KH/A) 맥세이프 호환, 없음","276,500",/vp/products/6701558346?itemId=15524983869&vendorItemId=82585085286&q=%EC%97%90%EC%96%B4%ED%8C%9F&itemsCount=36&searchId=62e1e8a14d6e4a439237f04dcde8de41&rank=23
24,6714231770,"Apple 에어팟 2세대 유선 충전 모델, MV7N2KH/A, 화이트","175,400",/vp/products/6714231770?itemId=15597276087&vendorItemId=80354016397&q=%EC%97%90%EC%96%B4%ED%8C%9F&itemsCount=36&searchId=62e1e8a14d6e4a439237f04dcde8de41&rank=24
25,6714233010,"Apple 에어팟 2세대 무선 충전 모델, MRXJ2KH/A","224,900",/vp/products/6714233010?itemId=15597281268&vendorItemId=82051393897&q=%EC%97%90%EC%96%B4%ED%8C%9F&itemsCount=36&searchId=62e1e8a14d6e4a439237f04dcde8de41&rank=25
26,342826123,"APPLE 애플 에어팟프로 왼쪽 오른쪽 단품 한쪽구매 블루투스이어폰, 에어팟프로 양쪽(충전기본체미포함)","195,070",/vp/products/342826123?itemId=1089932822&vendorItemId=75728507309&q=%EC%97%90%EC%96%B4%ED%8C%9F&itemsCount=36&searchId=62e1e8a14d6e4a439237f04dcde8de41&rank=26
27,342826123,"APPLE 애플 에어팟프로 왼쪽 오른쪽 단품 한쪽구매 블루투스이어폰, 3세대 프로 왼쪽(Pro Left)","84,520",/vp/products/342826123?itemId=1089932814&vendorItemId=70082635222&q=%EC%97%90%EC%96%B4%ED%8C%9F&itemsCount=36&searchId=62e1e8a14d6e4a439237f04dcde8de41&rank=27
28,4584075863,"Apple 에어팟 맥스 블루투스헤드셋, 스카이 블루","703,270",/vp/products/4584075863?itemId=5623805749&vendorItemId=72922972761&q=%EC%97%90%EC%96%B4%ED%8C%9F&itemsCount=36&searchId=62e1e8a14d6e4a439237f04dcde8de41&rank=28
29,4584075863,"Apple 에어팟 맥스 블루투스헤드셋, 그린","703,170",/vp/products/4584075863?itemId=5623805764&vendorItemId=72922972847&q=%EC%97%90%EC%96%B4%ED%8C%9F&itemsCount=36&searchId=62e1e8a14d6e4a439237f04dcde8de41&rank=29
30,1157327643,"APPLE AirPods 1세대 2세대 에어팟 본체 단품 충전기 충전케이스 애플정품 에어팟2 에어팟프로 블루투스이어폰, 1세대 충전기(Charger), 화이트","52,000",/vp/products/1157327643?itemId=2133268194&vendorItemId=70144076870&q=%EC%97%90%EC%96%B4%ED%8C%9F&itemsCount=36&searchId=62e1e8a14d6e4a439237f04dcde8de41&rank=30
31,4584075863,"Apple 에어팟 맥스 블루투스헤드셋, 핑크","712,000",/vp/products/4584075863?itemId=5623805756&vendorItemId=72922972807&q=%EC%97%90%EC%96%B4%ED%8C%9F&itemsCount=36&searchId=62e1e8a14d6e4a439237f04dcde8de41&rank=31
32,1118316132,"애플코리아 에어팟 오른쪽 왼쪽 1세대 2세대 한쪽판매 블루투스이어폰, 3세대 프로 오른쪽(Pro Right)","100,000",/vp/products/1118316132?itemId=2083605365&vendorItemId=75743977840&q=%EC%97%90%EC%96%B4%ED%8C%9F&itemsCount=36&searchId=62e1e8a14d6e4a439237f04dcde8de41&rank=32
33,298632464,"애플코리아 에어팟 오른쪽 왼쪽 1세대 2세대 한쪽판매 블루투스이어폰, 1세대 오른쪽(Right)","135,000",/vp/products/298632464?itemId=940547250&vendorItemId=5326042530&q=%EC%97%90%EC%96%B4%ED%8C%9F&itemsCount=36&searchId=62e1e8a14d6e4a439237f04dcde8de41&rank=33
34,164971328,"Apple 에어팟, MMEF2KH/A, 혼합 색상","209,000",/vp/products/164971328?itemId=473164571&vendorItemId=71067911233&q=%EC%97%90%EC%96%B4%ED%8C%9F&itemsCount=36&searchId=62e1e8a14d6e4a439237f04dcde8de41&rank=34
35,332473915,"Apple 2019 에어팟 프로 맥세이프 미호환, MWP22KH/A, 화이트","285,720",/vp/products/332473915?itemId=1062243893&vendorItemId=72119455805&q=%EC%97%90%EC%96%B4%ED%8C%9F&itemsCount=36&searchId=62e1e8a14d6e4a439237f04dcde8de41&rank=35
36,6145234398,"카카오프렌즈 K1 무선 블루투스 5.1 이어폰, 춘식이, SWB-KC1","39,160",/vp/products/6145234398?itemId=11820499144&vendorItemId=79093981651&sourceType=srp_product_ads&clickEventId=91d257f2-dd2d-4bf4-b582-1c757cdd65a0&korePlacement=15&koreSubPlacement=1&clickEventId=91d257f2-dd2d-4bf4-b582-1c757cdd65a0&korePlacement=15&koreSubPlacement=1
37,6723426706,"(최신정품) 애플 에어팟 2세대 유선충전버전 무선충전버전 한국as가능, 유선충전케이스+에어팟2","229,000",/vp/products/6723426706?itemId=15642864740&vendorItemId=4593761482
38,6529650988,"블라우풍트 ANC 노이즈 캔슬링 블루투스 5.3 커널형 이어폰 BLP-BE321, 화이트","37,900",/vp/products/6529650988?itemId=14497437656&vendorItemId=82629984434&sourceType=srp_product_ads&clickEventId=576221ff-4328-4ae6-858e-5aba41e578c5&korePlacement=15&koreSubPlacement=3&clickEventId=576221ff-4328-4ae6-858e-5aba41e578c5&korePlacement=15&koreSubPlacement=3
39,6283586943,"Apple Beats Fit Pro 진정한 무선 이어버드, Beats 화이트","211,600",/vp/products/6283586943?itemId=12914687140&vendorItemId=80179464145
40,6059531418,"카카오프렌즈 K1 무선 블루투스 5.1 이어폰, 어피치, SWB-KA1","39,800",/vp/products/6059531418?itemId=11135989696&vendorItemId=78414492747&sourceType=srp_product_ads&clickEventId=93c915c1-821c-4051-9d19-3b554585d639&korePlacement=15&koreSubPlacement=5&clickEventId=93c915c1-821c-4051-9d19-3b554585d639&korePlacement=15&koreSubPlacement=5
41,6283586943,"Apple Beats Fit Pro 진정한 무선 이어버드, 세이지 그레이","224,470",/vp/products/6283586943?itemId=12914687143&vendorItemId=80179464161
42,6577491155,"닥터포텐 이어프로 미니 맥스 노이즈캔슬링 무선 블루투스 이어폰, 화이트, 이어프로 미니맥스 1set","59,000",/vp/products/6577491155?itemId=14788336601&vendorItemId=82028342910&sourceType=srp_product_ads&clickEventId=2c42709d-91b9-42bb-8311-65af3b4c7c11&korePlacement=15&koreSubPlacement=7&clickEventId=2c42709d-91b9-42bb-8311-65af3b4c7c11&korePlacement=15&koreSubPlacement=7
43,6283586943,"Apple Beats Fit Pro 진정한 무선 이어버드, 스톤 퍼플","201,750",/vp/products/6283586943?itemId=12914687141&vendorItemId=80179464151
44,6482171031,"Apple Powerbeats Pro Totally Wireless 블루투스 이어폰, 아이보리, MY5D2ZP/A","308,550",/vp/products/6482171031?itemId=14195065170&vendorItemId=81440684853
45,298632464,"애플코리아 에어팟 오른쪽 왼쪽 1세대 2세대 한쪽판매 블루투스이어폰, 1세대 왼쪽(Left)","135,000",/vp/products/298632464?itemId=940547241&vendorItemId=5326042521
46,6252894092,"잇서 사일런트 ANC 액티브 노이즈 캔슬링 무선 블루투스 이어폰, WHITE","39,800",/vp/products/6252894092?itemId=12684775194&vendorItemId=80441007125&sourceType=srp_product_ads&clickEventId=68da329b-db45-44be-ae4e-a77a3fef94bb&korePlacement=15&koreSubPlacement=11&clickEventId=68da329b-db45-44be-ae4e-a77a3fef94bb&korePlacement=15&koreSubPlacement=11
47,6482171031,"Apple Powerbeats Pro Totally Wireless 블루투스 이어폰, 블랙, MY582ZP/A","329,000",/vp/products/6482171031?itemId=14195065176&vendorItemId=81440684885
48,5683959239,"펜톤 코어 무선 블루투스 5.2 게이밍모드 이어폰, 블랙","48,050",/vp/products/5683959239?itemId=9394496954&vendorItemId=76735132856&sourceType=srp_product_ads&clickEventId=ce5b84b6-7bb6-4f3d-b009-18d1e7bbfb15&korePlacement=15&koreSubPlacement=13&clickEventId=ce5b84b6-7bb6-4f3d-b009-18d1e7bbfb15&korePlacement=15&koreSubPlacement=13
49,1895349354,"그리디파머스 에어팟 프로 케이스 2종 세트, 너랑나C","78,000",/vp/products/1895349354?itemId=3219939104&vendorItemId=71207214538
50,6718703891,에어팟 프로 맥스 정품 새상품 애플 이어폰 헌터게임스토어 미세한 음질차이 성능좋은 이어폰 에어팟 프로 맥스,"299,800",/vp/products/6718703891?itemId=15620817454&vendorItemId=82838504060
51,6388803175,"벨킨 부스트업 프로 3in1 15W 맥세이프 고속 무선 충전 패드 WIZ016 (아이폰13/12 애플워치7/6/5 에어팟프로 완벽 호환), 화이트(WIZ016krWH)","199,900",/vp/products/6388803175?itemId=13609026083&vendorItemId=79926968621
52,5568112180,"아즈라 에어팟 프로용 크리스탈 이어팁 M 2세트, 혼합색상","50,000",/vp/products/5568112180?itemId=8858192649&vendorItemId=82513571611
53,6233887803,"그리디파머스 에어팟 3세대 가죽 케이스, 롱블랙","30,150",/vp/products/6233887803?itemId=12544168590&vendorItemId=82512065409
54,4831679123,"유에이지 에어팟프로 실리콘 케이스 V2, 올리브","33,150",/vp/products/4831679123?itemId=6236046731&vendorItemId=73531870273
55,1775487811,"애플 토이스토리 써클 투명 일체형 에어팟프로 케이스 1세대/2세대 공용, 디자인/06외계인, 에어팟프로 전용","15,900",/vp/products/1775487811?itemId=3023234450&vendorItemId=71011375304
56,1221931804,"비쉐르 심플리 에어팟 프로 3세대 실리콘 이어팁 대, 화이트","20,900",/vp/products/1221931804?itemId=2212973240&vendorItemId=70210750968
57,4831704575,"유에이지 에어팟 프로 메트로폴리스 케이스, 레더 블랙","49,000",/vp/products/4831704575?itemId=6236112376&vendorItemId=73531935737
58,1221931840,"비쉐르 심플리 에어팟 프로 3세대 실리콘 이어팁 소, 화이트","20,900",/vp/products/1221931840?itemId=2212973268&vendorItemId=70210750996
59,4854524073,"엑스도리아 디펜스 트릭 에어팟 프로 케이스, 이리디센트","34,800",/vp/products/4854524073?itemId=6289108927&vendorItemId=73584657218
60,6190722384,vraiment 에어팟 3세대 에어팟 프로 천연가죽 케이스,"37,000",/vp/products/6190722384?itemId=12216371336&vendorItemId=79487135826
61,4831678613,"유에이지 에어팟 프로 하드 케이스 V2, 블랙 + 그레이","37,860",/vp/products/4831678613?itemId=6236045203&vendorItemId=73531868120
62,1895350028,"그리디파머스 에어팟 프로 가죽 케이스, 포레스트그린","30,150",/vp/products/1895350028?itemId=3219940165&vendorItemId=71207215389
63,1597746834,"O.S.T [본사정품] [해리포터] 기숙사 버건디 에어팟용 케이스 OTI119C02NDY, 화이트","19,900",/vp/products/1597746834?itemId=2729612259&vendorItemId=70719764114
64,4550349951,"하이칙스 Alice and Bread Butterflies Airpod Case 1/2세대, 혼합색상","29,000",/vp/products/4550349951?itemId=5522728522&vendorItemId=72822207134
65,6197626144,"TD 애플 정품 에어팟 3세대 왼쪽 오른쪽 유닛 충전 본체 국내 유통, 애플 정품 에어팟 3세대 오른쪽","99,000",/vp/products/6197626144?itemId=12276411147&vendorItemId=82748327222
66,2263764235,아즈라 에어팟 프로 셀라스텍 이어팁 MS 4p,"29,040",/vp/products/2263764235?itemId=3880051433&vendorItemId=71864706696
67,1895350028,"그리디파머스 에어팟 프로 가죽 케이스, 올리브그린","30,150",/vp/products/1895350028?itemId=3219940166&vendorItemId=71207215402
68,1895350028,"그리디파머스 에어팟 프로 가죽 케이스, 롱블랙","30,150",/vp/products/1895350028?itemId=3219940172&vendorItemId=71207215482
69,6069755996,"디즈니 프렌즈 아머 캐리어 에어팟 프로 케이스, 미니","19,800",/vp/products/6069755996?itemId=11200597453&vendorItemId=78478313637
70,6308321632,"BT21 에어팟 3세대 파스텔 케이스 쿠키, 단품, 단품","15,100",/vp/products/6308321632?itemId=13080051072&vendorItemId=80349816511
71,239177956,"비쉐르 단지우유 에어팟 2세대 실리콘 케이스, 아이보리레드","22,600",/vp/products/239177956?itemId=760292793&vendorItemId=4918045173
72,6424263940,"ACRO 프로 버즈 무선 블루투스 이어폰, probuz-p, 퍼플","29,800",/vp/products/6424263940?itemId=13836335489&vendorItemId=81086492981&sourceType=srp_product_ads&clickEventId=6cf5c5b1-347f-4d1c-9e8d-f560f1b57013&korePlacement=15&koreSubPlacement=73&clickEventId=6cf5c5b1-347f-4d1c-9e8d-f560f1b57013&korePlacement=15&koreSubPlacement=73&q=%EC%97%90%EC%96%B4%ED%8C%9F&itemsCount=36&searchId=e29f932f32bc4754ac9f0551b150858a&rank=72
73,5785614508,"[텐바이텐] DONATDONAT 베어 에어팟 프로 실리콘 케이스, 밀크티","14,500",/vp/products/5785614508?itemId=9872550868&vendorItemId=77155934762&q=%EC%97%90%EC%96%B4%ED%8C%9F&itemsCount=36&searchId=e29f932f32bc4754ac9f0551b150858a&rank=73
74,6529650988,"블라우풍트 ANC 노이즈 캔슬링 블루투스 5.3 커널형 이어폰 BLP-BE321, 화이트","37,900",/vp/products/6529650988?itemId=14497437656&vendorItemId=82629984434&sourceType=srp_product_ads&clickEventId=64f6b797-4001-4642-832c-5eb6facf79dc&korePlacement=15&koreSubPlacement=75&clickEventId=64f6b797-4001-4642-832c-5eb6facf79dc&korePlacement=15&koreSubPlacement=75&q=%EC%97%90%EC%96%B4%ED%8C%9F&itemsCount=36&searchId=e29f932f32bc4754ac9f0551b150858a&rank=74
75,6286838318,"2세대 프로 맥세이프 낱개 판매 단품 왼쪽 오른쪽 맥세이프 충전 케이스 손소독제 사은품 증정, 에어팟 프로 맥세이프 충전케이스","119,000",/vp/products/6286838318?itemId=12934298673&vendorItemId=79301235612&q=%EC%97%90%EC%96%B4%ED%8C%9F&itemsCount=36&searchId=e29f932f32bc4754ac9f0551b150858a&rank=75
76,6577491155,"닥터포텐 이어프로 미니 맥스 노이즈캔슬링 무선 블루투스 이어폰, 화이트, 이어프로 미니맥스 1set","59,000",/vp/products/6577491155?itemId=14788336601&vendorItemId=82028342910&sourceType=srp_product_ads&clickEventId=0009f667-e42c-4d2f-8956-ae729d069c64&korePlacement=15&koreSubPlacement=77&clickEventId=0009f667-e42c-4d2f-8956-ae729d069c64&korePlacement=15&koreSubPlacement=77&q=%EC%97%90%EC%96%B4%ED%8C%9F&itemsCount=36&searchId=e29f932f32bc4754ac9f0551b150858a&rank=76
77,5568112078,"아즈라 에어팟 프로용 크리스탈 이어팁 L 2세트, 혼합색상","25,150",/vp/products/5568112078?itemId=8858192400&vendorItemId=76144917170&q=%EC%97%90%EC%96%B4%ED%8C%9F&itemsCount=36&searchId=e29f932f32bc4754ac9f0551b150858a&rank=77
78,6252894092,"잇서 사일런트 ANC 액티브 노이즈 캔슬링 무선 블루투스 이어폰, WHITE","39,800",/vp/products/6252894092?itemId=12684775194&vendorItemId=80441007125&sourceType=srp_product_ads&clickEventId=6a5b7ff1-a595-4b11-b898-3ccc79843860&korePlacement=15&koreSubPlacement=79&clickEventId=6a5b7ff1-a595-4b11-b898-3ccc79843860&korePlacement=15&koreSubPlacement=79&q=%EC%97%90%EC%96%B4%ED%8C%9F&itemsCount=36&searchId=e29f932f32bc4754ac9f0551b150858a&rank=78
79,5568112068,"아즈라 에어팟 프로용 크리스탈 이어팁 MS 2세트, 혼합색상","25,150",/vp/products/5568112068?itemId=8858192389&vendorItemId=76144917061&q=%EC%97%90%EC%96%B4%ED%8C%9F&itemsCount=36&searchId=e29f932f32bc4754ac9f0551b150858a&rank=79
80,6788293476,"포켓몬아크릴키링 에어팟/버즈 자동차키홀더 열쇠고리, 님피아","3,900",/vp/products/6788293476?itemId=15985937170&vendorItemId=83191678448&q=%EC%97%90%EC%96%B4%ED%8C%9F&itemsCount=36&searchId=e29f932f32bc4754ac9f0551b150858a&rank=80
81,6788293476,"포켓몬아크릴키링 에어팟/버즈 자동차키홀더 열쇠고리, 뮤","3,900",/vp/products/6788293476?itemId=15985937173&vendorItemId=83191678455&q=%EC%97%90%EC%96%B4%ED%8C%9F&itemsCount=36&searchId=e29f932f32bc4754ac9f0551b150858a&rank=81
82,5683959239,"펜톤 코어 무선 블루투스 5.2 게이밍모드 이어폰, 블랙","48,050",/vp/products/5683959239?itemId=9394496954&vendorItemId=76735132856&sourceType=srp_product_ads&clickEventId=05252dc9-ecca-493c-927f-9dea32063783&korePlacement=15&koreSubPlacement=83&clickEventId=05252dc9-ecca-493c-927f-9dea32063783&korePlacement=15&koreSubPlacement=83&q=%EC%97%90%EC%96%B4%ED%8C%9F&itemsCount=36&searchId=e29f932f32bc4754ac9f0551b150858a&rank=82
83,6233019569,렉스템 강철 합금 카라비너 10개 60mm 80mm 캠핑 낚시 등산 에어팟 버즈 비너,"9,030",/vp/products/6233019569?itemId=12537006934&vendorItemId=79805427402&q=%EC%97%90%EC%96%B4%ED%8C%9F&itemsCount=36&searchId=e29f932f32bc4754ac9f0551b150858a&rank=83
84,6161334395,"보스 QC45 무선 헤드폰, 트리플 블랙, QUIETCOMFORT 45 HEADPHONES","389,000",/vp/products/6161334395?itemId=11959607418&vendorItemId=79232195458&sourceType=srp_product_ads&clickEventId=63361631-662c-4632-8e0d-a07f97da189e&korePlacement=15&koreSubPlacement=85&clickEventId=63361631-662c-4632-8e0d-a07f97da189e&korePlacement=15&koreSubPlacement=85&q=%EC%97%90%EC%96%B4%ED%8C%9F&itemsCount=36&searchId=e29f932f32bc4754ac9f0551b150858a&rank=84
85,6751150860,"올오브잇 맥세이프 3in1 무선충전기 애플워치 갤럭시워치 에어팟프로 버즈 올인원 충전기, 올오브잇 출시할인 1+1 블랙+블랙","89,900",/vp/products/6751150860?itemId=15789304770&vendorItemId=83002057074&q=%EC%97%90%EC%96%B4%ED%8C%9F&itemsCount=36&searchId=e29f932f32bc4754ac9f0551b150858a&rank=85
86,6792592355,"감성전자 아이폰 맥세이프 애플워치 에어팟 3in1 무선 고속 충전기 거치대, 블랙, 1개","27,400",/vp/products/6792592355?itemId=16007746317&vendorItemId=83212567382&q=%EC%97%90%EC%96%B4%ED%8C%9F&itemsCount=36&searchId=e29f932f32bc4754ac9f0551b150858a&rank=86
87,6195215932,에어팟 프로 링케 스테인리스 스틸 키링 케이스,"28,800",/vp/products/6195215932?itemId=12257938314&vendorItemId=79528519253&q=%EC%97%90%EC%96%B4%ED%8C%9F&itemsCount=36&searchId=e29f932f32bc4754ac9f0551b150858a&rank=87
88,1836520771,"내셔널지오그래픽 에어팟 프로 케이스 + 카라비너, 소프트 화이트(케이스)","15,000",/vp/products/1836520771?itemId=3122739832&vendorItemId=70900685021&q=%EC%97%90%EC%96%B4%ED%8C%9F&itemsCount=36&searchId=e29f932f32bc4754ac9f0551b150858a&rank=88
89,1221931804,"비쉐르 심플리 에어팟 프로 3세대 실리콘 이어팁 대, 화이트","20,900",/vp/products/1221931804?itemId=2212973240&vendorItemId=70210750968&q=%EC%97%90%EC%96%B4%ED%8C%9F&itemsCount=36&searchId=e29f932f32bc4754ac9f0551b150858a&rank=89
90,6682599358,"카카오프렌즈 춘식이 3in1 아이폰 고속충전 거치대 무선충전기 워치 에어팟, CS-FWC3IN1A-005","39,000",/vp/products/6682599358?itemId=15415772462&vendorItemId=82635598563&q=%EC%97%90%EC%96%B4%ED%8C%9F&itemsCount=36&searchId=e29f932f32bc4754ac9f0551b150858a&rank=90
91,1768256127,"카탈리스트 에어팟 프로 방수 케이스 + 키링 세트, 블랙","40,250",/vp/products/1768256127?itemId=3010921182&vendorItemId=70999119434&q=%EC%97%90%EC%96%B4%ED%8C%9F&itemsCount=36&searchId=e29f932f32bc4754ac9f0551b150858a&rank=91
92,4971788268,"내셔널지오그래픽 크리스탈 범퍼 와펜 케이스, 에어팟, 마운틴","16,910",/vp/products/4971788268?itemId=6602118343&vendorItemId=73896131338&q=%EC%97%90%EC%96%B4%ED%8C%9F&itemsCount=36&searchId=e29f932f32bc4754ac9f0551b150858a&rank=92
93,2263764263,아즈라 에어팟 프로 셀라스텍 이어팁 SS 4p,"29,040",/vp/products/2263764263?itemId=3880051474&vendorItemId=71864706796&q=%EC%97%90%EC%96%B4%ED%8C%9F&itemsCount=36&searchId=e29f932f32bc4754ac9f0551b150858a&rank=93
94,6447450303,"[텐바이텐] [어프어프X벨리곰]BB GOM CHERRY PATTERN-BLUE(에어팟3-하드), 에어팟3-하드, 옵션선택","12,900",/vp/products/6447450303?itemId=13980898146&vendorItemId=81229693236&q=%EC%97%90%EC%96%B4%ED%8C%9F&itemsCount=36&searchId=e29f932f32bc4754ac9f0551b150858a&rank=94
95,6598850326,피규어 키링 스폰지밥+뚱이+깐깐징어+집게사장 4종세트 열쇠고리 가방고리 자동차 에어팟 동전지갑 키홀더 플립꾸미기,"19,990",/vp/products/6598850326?itemId=14919232892&vendorItemId=83046135503&q=%EC%97%90%EC%96%B4%ED%8C%9F&itemsCount=36&searchId=e29f932f32bc4754ac9f0551b150858a&rank=95
96,1479856540,"[텐바이텐] APPROVAL 슈프림 카모플라쥬 에어팟프로 케이스 그레이_(162030), 옵션선택","13,500",/vp/products/1479856540?itemId=2542450601&vendorItemId=75490559931&q=%EC%97%90%EC%96%B4%ED%8C%9F&itemsCount=36&searchId=e29f932f32bc4754ac9f0551b150858a&rank=96
97,5689357108,체인소맨 에어팟 케이스 굿즈 덴지 파워 아키 SD,"30,500",/vp/products/5689357108?itemId=9417126570&vendorItemId=81426838404&q=%EC%97%90%EC%96%B4%ED%8C%9F&itemsCount=36&searchId=e29f932f32bc4754ac9f0551b150858a&rank=97
98,6431222827,"에어팟맥스 애플헤드셋 4-in-1 브래킷 무선 충전 랙 무선 충전기, 화이트 무선 충전기/단일사이즈","55,400",/vp/products/6431222827?itemId=13881346216&vendorItemId=81131149862&q=%EC%97%90%EC%96%B4%ED%8C%9F&itemsCount=36&searchId=e29f932f32bc4754ac9f0551b150858a&rank=98
99,6176464248,"버바팀 애플워치 / 아이폰 / 에어팟 리미티드 에디션 4 in 1 애플 고속 무선 충전기, 블랙, 1개","69,900",/vp/products/6176464248?itemId=12093527295&vendorItemId=79365372455&q=%EC%97%90%EC%96%B4%ED%8C%9F&itemsCount=36&searchId=e29f932f32bc4754ac9f0551b150858a&rank=99
100,5992649049,"두껍상회 진로 두꺼비 소주잔 맥주잔 굿즈, 참이슬 한방울잔","8,900",/vp/products/5992649049?itemId=10824936071&vendorItemId=78208567994&q=%EC%97%90%EC%96%B4%ED%8C%9F&itemsCount=36&searchId=e29f932f32bc4754ac9f0551b150858a&rank=100
101,5966973743,카카오프렌즈 피치파이브 슈비룹빠 키체인 어피치키링 스마트키 에어팟,"22,470",/vp/products/5966973743?itemId=10708252688&vendorItemId=77988940663&q=%EC%97%90%EC%96%B4%ED%8C%9F&itemsCount=36&searchId=e29f932f32bc4754ac9f0551b150858a&rank=101
102,5065329547,"내셔널지오그래픽 에어팟 프로 크리스탈 범퍼 와펜 케이스, 마운틴","16,910",/vp/products/5065329547?itemId=6846081374&vendorItemId=74138691180&q=%EC%97%90%EC%96%B4%ED%8C%9F&itemsCount=36&searchId=e29f932f32bc4754ac9f0551b150858a&rank=102
103,1797674959,"폰슈 요리사 덕 1세대 2세대용 에어팟 케이스, 화이트","13,770",/vp/products/1797674959?itemId=3058278626&vendorItemId=71046260155&q=%EC%97%90%EC%96%B4%ED%8C%9F&itemsCount=36&searchId=e29f932f32bc4754ac9f0551b150858a&rank=103
104,6491042656,"링케 미니 파우치 에어팟 프로 갤럭시버즈 무선 이어폰 케이스, 하프포켓/블랙","12,800",/vp/products/6491042656?itemId=14248976296&vendorItemId=81494127363&q=%EC%97%90%EC%96%B4%ED%8C%9F&itemsCount=36&searchId=e29f932f32bc4754ac9f0551b150858a&rank=104
105,6346053647,플라밍고 홍학 스테디셀러 키링 버즈 에어팟 새차 가방,"10,000",/vp/products/6346053647?itemId=13334509975&vendorItemId=80378142948&q=%EC%97%90%EC%96%B4%ED%8C%9F&itemsCount=36&searchId=e29f932f32bc4754ac9f0551b150858a&rank=105
106,1942366028,햄스터 에어팟 프로 케이스,"11,250",/vp/products/1942366028?itemId=3297566895&vendorItemId=71284501429&q=%EC%97%90%EC%96%B4%ED%8C%9F&itemsCount=36&searchId=e29f932f32bc4754ac9f0551b150858a&rank=106
107,6396814012,"앤커 맥세이프 호환 2 in 1 아이폰 마그네틱 무선충전기 에어팟 호환 멀티 고속충전, 인터스텔라 그레이, 1개","59,900",/vp/products/6396814012?itemId=13661743231&vendorItemId=80914088440&q=%EC%97%90%EC%96%B4%ED%8C%9F&itemsCount=36&searchId=e29f932f32bc4754ac9f0551b150858a&rank=107
108,6529650988,"블라우풍트 ANC 노이즈 캔슬링 블루투스 5.3 커널형 이어폰 BLP-BE321, 화이트","37,900",/vp/products/6529650988?itemId=14497437656&vendorItemId=82629984434&sourceType=srp_product_ads&clickEventId=8a09812d-0f83-455c-8e2b-41290df9bcf9&korePlacement=15&koreSubPlacement=109&clickEventId=8a09812d-0f83-455c-8e2b-41290df9bcf9&korePlacement=15&koreSubPlacement=109&q=%EC%97%90%EC%96%B4%ED%8C%9F&itemsCount=36&searchId=4e8ab55a6fc24a39a68be683ca76d1ea&rank=108
109,6800891116,"가능 이어폰 마스카라 세트 청소 틈새 뾰족면봉 100개 오염 부드러운 에어팟 립밤 화장 순면, 100p","6,030",/vp/products/6800891116?itemId=16053679127&vendorItemId=83257170818&q=%EC%97%90%EC%96%B4%ED%8C%9F&itemsCount=36&searchId=4e8ab55a6fc24a39a68be683ca76d1ea&rank=109
110,6577491155,"닥터포텐 이어프로 미니 맥스 노이즈캔슬링 무선 블루투스 이어폰, 화이트, 이어프로 미니맥스 1set","59,000",/vp/products/6577491155?itemId=14788336601&vendorItemId=82028342910&sourceType=srp_product_ads&clickEventId=a46abe32-1691-4dcd-b9c4-09b64af22755&korePlacement=15&koreSubPlacement=111&clickEventId=a46abe32-1691-4dcd-b9c4-09b64af22755&korePlacement=15&koreSubPlacement=111&q=%EC%97%90%EC%96%B4%ED%8C%9F&itemsCount=36&searchId=4e8ab55a6fc24a39a68be683ca76d1ea&rank=110
111,5050993060,JIVA 지바 에어팟 맥스 케이스 수납 실리콘,"17,500",/vp/products/5050993060?itemId=6811058894&vendorItemId=77866034854&q=%EC%97%90%EC%96%B4%ED%8C%9F&itemsCount=36&searchId=4e8ab55a6fc24a39a68be683ca76d1ea&rank=111
112,6252894092,"잇서 사일런트 ANC 액티브 노이즈 캔슬링 무선 블루투스 이어폰, WHITE","39,800",/vp/products/6252894092?itemId=12684775194&vendorItemId=80441007125&sourceType=srp_product_ads&clickEventId=fc414f11-d96e-41a5-b9ee-e594931904f6&korePlacement=15&koreSubPlacement=113&clickEventId=fc414f11-d96e-41a5-b9ee-e594931904f6&korePlacement=15&koreSubPlacement=113&q=%EC%97%90%EC%96%B4%ED%8C%9F&itemsCount=36&searchId=4e8ab55a6fc24a39a68be683ca76d1ea&rank=112
113,2263764209,아즈라 에어팟 프로 셀라스텍 이어팁 L 4p,"26,900",/vp/products/2263764209?itemId=3880051405&vendorItemId=76804712857&q=%EC%97%90%EC%96%B4%ED%8C%9F&itemsCount=36&searchId=4e8ab55a6fc24a39a68be683ca76d1ea&rank=113
114,5683959239,"펜톤 코어 무선 블루투스 5.2 게이밍모드 이어폰, 블랙","48,050",/vp/products/5683959239?itemId=9394496954&vendorItemId=76735132856&sourceType=srp_product_ads&clickEventId=3c90570c-aede-4d3e-857b-986e29a3a577&korePlacement=15&koreSubPlacement=115&clickEventId=3c90570c-aede-4d3e-857b-986e29a3a577&korePlacement=15&koreSubPlacement=115&q=%EC%97%90%EC%96%B4%ED%8C%9F&itemsCount=36&searchId=4e8ab55a6fc24a39a68be683ca76d1ea&rank=114
115,6187751743,"투에이비 에어팟 3세대 도톰 실리콘 케이스 2.5mm 16 Colors, 그린","1,900",/vp/products/6187751743?itemId=12193968949&vendorItemId=79465032665&q=%EC%97%90%EC%96%B4%ED%8C%9F&itemsCount=36&searchId=4e8ab55a6fc24a39a68be683ca76d1ea&rank=115
116,5672762642,"시크론 15W 플러스 15W 고속 트리오 아이폰 애플워치 에어팟 호환 무선충전 패드, 블랙, 1개","48,000",/vp/products/5672762642?itemId=9346111491&vendorItemId=76631361031&q=%EC%97%90%EC%96%B4%ED%8C%9F&itemsCount=36&searchId=4e8ab55a6fc24a39a68be683ca76d1ea&rank=116
117,6133599675,오구 엔조이 키링 에어팟프로 하드케이스,"24,350",/vp/products/6133599675?itemId=11713644147&vendorItemId=78987799207&q=%EC%97%90%EC%96%B4%ED%8C%9F&itemsCount=36&searchId=4e8ab55a6fc24a39a68be683ca76d1ea&rank=117
118,6279602468,준준베베 차이팟 프로 ANC 리얼캔슬팟 14세대 잡s도 속앗다 블루투스 무선 이어폰 화이트 스포츠 운동 가성비 아이폰 갤럭시 샤오미 호환 액티브 노이즈 캔슬링 12대 13세대,"37,500",/vp/products/6279602468?itemId=12887763698&vendorItemId=72038981579&sourceType=srp_product_ads&clickEventId=cac25802-be5f-4c18-ade0-146b510419b1&korePlacement=15&koreSubPlacement=119&clickEventId=cac25802-be5f-4c18-ade0-146b510419b1&korePlacement=15&koreSubPlacement=119&q=%EC%97%90%EC%96%B4%ED%8C%9F&itemsCount=36&searchId=4e8ab55a6fc24a39a68be683ca76d1ea&rank=118
119,1712448736,"내셔널지오그래픽 퍼더 에디션 에어팟 이어폰 케이스, 화이트","16,190",/vp/products/1712448736?itemId=2914343580&vendorItemId=70903030405&q=%EC%97%90%EC%96%B4%ED%8C%9F&itemsCount=36&searchId=4e8ab55a6fc24a39a68be683ca76d1ea&rank=119
120,6291391946,"맥도도 HP803 TWS 블루투스 무선 이어폰, 블랙","35,100",/vp/products/6291391946?itemId=12964507025&vendorItemId=80759777803&sourceType=srp_product_ads&clickEventId=4fac21fa-7e8e-488a-9868-2c457770d3a4&korePlacement=15&koreSubPlacement=121&clickEventId=4fac21fa-7e8e-488a-9868-2c457770d3a4&korePlacement=15&koreSubPlacement=121&q=%EC%97%90%EC%96%B4%ED%8C%9F&itemsCount=36&searchId=4e8ab55a6fc24a39a68be683ca76d1ea&rank=120
121,6607860625,"아이플로우 4in1 아이폰 애플워치 에어팟 올인원 고속 무선 충전기 거치대 30W, 블랙","49,800",/vp/products/6607860625?itemId=14970370721&vendorItemId=82286366992&q=%EC%97%90%EC%96%B4%ED%8C%9F&itemsCount=36&searchId=4e8ab55a6fc24a39a68be683ca76d1ea&rank=121
122,2375499219,"테디베어스 에어팟프로 슬림 하드 케이스 바, 1개, 힐링 테디베이지","16,290",/vp/products/2375499219?itemId=4138769777&vendorItemId=72124435096&q=%EC%97%90%EC%96%B4%ED%8C%9F&itemsCount=36&searchId=4e8ab55a6fc24a39a68be683ca76d1ea&rank=122
123,5492451882,"우먼스9999 에어팟 맥스 밴드 커버, 화이트, 1개","9,800",/vp/products/5492451882?itemId=8507674320&vendorItemId=75795159071&q=%EC%97%90%EC%96%B4%ED%8C%9F&itemsCount=36&searchId=4e8ab55a6fc24a39a68be683ca76d1ea&rank=123
124,4523766639,"헬로키티 플라워 에어팟 프로 하드 케이스 정품 마이멜로디 폼폼푸린 리틀트윈스타 시나모롤 포차코, HELLO KITTY","15,000",/vp/products/4523766639?itemId=5456905540&vendorItemId=72756698700&q=%EC%97%90%EC%96%B4%ED%8C%9F&itemsCount=36&searchId=4e8ab55a6fc24a39a68be683ca76d1ea&rank=124
125,6227908568,"에어팟 맥스 애플 Airpods Max 헤드셋패드 헤드폰커버 헤드폰패드, (H905)거치대 블랙","15,800",/vp/products/6227908568?itemId=12499763371&vendorItemId=79768367299&q=%EC%97%90%EC%96%B4%ED%8C%9F&itemsCount=36&searchId=4e8ab55a6fc24a39a68be683ca76d1ea&rank=125
126,4381486874,프리디 3 in 1 아이폰 애플워치 에어팟 고속 멀티 무선 충전기 EA1204,"52,050",/vp/products/4381486874?itemId=5180266061&vendorItemId=82624269523&q=%EC%97%90%EC%96%B4%ED%8C%9F&itemsCount=36&searchId=4e8ab55a6fc24a39a68be683ca76d1ea&rank=126
127,6667068593,"샌노리 에어팟 프로케이스 ca02, 블랙","15,000",/vp/products/6667068593?itemId=15326052757&vendorItemId=82546367357&q=%EC%97%90%EC%96%B4%ED%8C%9F&itemsCount=36&searchId=4e8ab55a6fc24a39a68be683ca76d1ea&rank=127
128,2263764254,아즈라 에어팟 프로 셀라스텍 이어팁 SS 2p + S 2p + MS 2p 세트,"36,900",/vp/products/2263764254?itemId=3880051464&vendorItemId=80949231141&q=%EC%97%90%EC%96%B4%ED%8C%9F&itemsCount=36&searchId=4e8ab55a6fc24a39a68be683ca76d1ea&rank=128
129,5953230215,에어팟이랑 립스틱 담기 좋은 빈티지 체크 쭈리 파우치,"11,900",/vp/products/5953230215?itemId=10649362158&vendorItemId=77930249340&q=%EC%97%90%EC%96%B4%ED%8C%9F&itemsCount=36&searchId=4e8ab55a6fc24a39a68be683ca76d1ea&rank=129
130,6581286221,"토이스토리 트리플 하드 에어팟 3 케이스, 랏소","15,900",/vp/products/6581286221?itemId=14811588985&vendorItemId=82051256865&q=%EC%97%90%EC%96%B4%ED%8C%9F&itemsCount=36&searchId=4e8ab55a6fc24a39a68be683ca76d1ea&rank=130
131,6330455967,"밸류엠 2 in 1 맥세이프 아이폰 에어팟 고속 무선 충전 거치대 + C to C 케이블 + 메탈 링 세트, 화이트, 1세트","39,800",/vp/products/6330455967?itemId=13235441480&vendorItemId=80493508590&q=%EC%97%90%EC%96%B4%ED%8C%9F&itemsCount=36&searchId=4e8ab55a6fc24a39a68be683ca76d1ea&rank=131
132,6419390799,"에어팟 이어폰 클리너 청소 키트 도구 apple airpods 3rd set for 2, 협력사, 고급 청소 키트, 3세트","22,800",/vp/products/6419390799?itemId=13803091155&vendorItemId=80717158122&q=%EC%97%90%EC%96%B4%ED%8C%9F&itemsCount=36&searchId=4e8ab55a6fc24a39a68be683ca76d1ea&rank=132
133,5717405752,"에어팟 1세대 2세대 신발모양 특이하고 개성있는 신발 케이스, 화이트, 에어팟프로","8,900",/vp/products/5717405752?itemId=9552806363&vendorItemId=76837465084&q=%EC%97%90%EC%96%B4%ED%8C%9F&itemsCount=36&searchId=4e8ab55a6fc24a39a68be683ca76d1ea&rank=133
134,4699198617,"빨강머리앤 파스텔 컬러시리즈 에어팟 프로 케이스, 동백(핑크)","16,150",/vp/products/4699198617?itemId=5915928723&vendorItemId=73213979581&q=%EC%97%90%EC%96%B4%ED%8C%9F&itemsCount=36&searchId=4e8ab55a6fc24a39a68be683ca76d1ea&rank=134
135,6553387772,애플 아이폰 아이패드 갤럭시탭 고속 충전기 20W C타입 급속충전기 (아이폰 아이패드 애플워치 에어팟 갤럭시공용),"14,900",/vp/products/6553387772?itemId=14638655331&vendorItemId=81880154632&q=%EC%97%90%EC%96%B4%ED%8C%9F&itemsCount=36&searchId=4e8ab55a6fc24a39a68be683ca76d1ea&rank=135
136,6109228698,"에어팟키링 가방고리 해바라기키링, 손그림키링","10,000",/vp/products/6109228698?itemId=11502975280&vendorItemId=78778180617&q=%EC%97%90%EC%96%B4%ED%8C%9F&itemsCount=36&searchId=4e8ab55a6fc24a39a68be683ca76d1ea&rank=136
137,6057998506,"에어팟 z플립3 버즈 달 별 행성 큐빅 레진 키링 자동차 핸드폰 고리, 퍼플, 하트고리","13,000",/vp/products/6057998506?itemId=11127744536&vendorItemId=82027706325&q=%EC%97%90%EC%96%B4%ED%8C%9F&itemsCount=36&searchId=4e8ab55a6fc24a39a68be683ca76d1ea&rank=137
138,6706151036,"피카츄 포켓몬 키링 열쇠고리 키홀더 에어팟 스트랩, 1피카츄","3,900",/vp/products/6706151036?itemId=15550901541&vendorItemId=82770031090&q=%EC%97%90%EC%96%B4%ED%8C%9F&itemsCount=36&searchId=4e8ab55a6fc24a39a68be683ca76d1ea&rank=138
139,2161050317,"피너츠 스누피 에어팟 프로 케이스 + 키링 세트, 네이비 찰리브라운","16,900",/vp/products/2161050317?itemId=3671045413&vendorItemId=72702642644&q=%EC%97%90%EC%96%B4%ED%8C%9F&itemsCount=36&searchId=4e8ab55a6fc24a39a68be683ca76d1ea&rank=139
140,1240606131,"내셔널지오그래픽 브랜드로고 에어팟 케이스 하드, 블랙","15,200",/vp/products/1240606131?itemId=2236168820&vendorItemId=70233688594&q=%EC%97%90%EC%96%B4%ED%8C%9F&itemsCount=36&searchId=4e8ab55a6fc24a39a68be683ca76d1ea&rank=140
141,6545411536,원피스 애니메이션 이글이글열매 에어팟케이스,"38,800",/vp/products/6545411536?itemId=14590614861&vendorItemId=81832584860&q=%EC%97%90%EC%96%B4%ED%8C%9F&itemsCount=36&searchId=4e8ab55a6fc24a39a68be683ca76d1ea&rank=141
142,6640390112,"더조은셀러 에어팟프로 호환 라텍스 이어팁 인비저블, 인비저블 퓨어 클리어, SS","15,200",/vp/products/6640390112?itemId=15177951646&vendorItemId=82702254741&q=%EC%97%90%EC%96%B4%ED%8C%9F&itemsCount=36&searchId=4e8ab55a6fc24a39a68be683ca76d1ea&rank=142
143,2161050317,"피너츠 스누피 에어팟 프로 케이스 + 키링 세트, 레드 스누피","16,900",/vp/products/2161050317?itemId=3671045419&vendorItemId=72702642626&q=%EC%97%90%EC%96%B4%ED%8C%9F&itemsCount=36&searchId=4e8ab55a6fc24a39a68be683ca76d1ea&rank=143
144,6529650988,"블라우풍트 ANC 노이즈 캔슬링 블루투스 5.3 커널형 이어폰 BLP-BE321, 화이트","37,900",/vp/products/6529650988?itemId=14497437656&vendorItemId=82629984434&sourceType=srp_product_ads&clickEventId=b22a08d6-f0c6-4b84-b922-5cf9a9304a6f&korePlacement=15&koreSubPlacement=145&clickEventId=b22a08d6-f0c6-4b84-b922-5cf9a9304a6f&korePlacement=15&koreSubPlacement=145&q=%EC%97%90%EC%96%B4%ED%8C%9F&itemsCount=36&searchId=f4578c31aa9848a4b349c75045912ce0&rank=144
145,6015184038,"에어팟 프로 1 2 무선 이어폰 마스네틱 분실방지 메탈 체인 스트랩 목걸이 줄, A_실버, 에어팟줄 sap1008","7,800",/vp/products/6015184038?itemId=10923779341&vendorItemId=78203563432&q=%EC%97%90%EC%96%B4%ED%8C%9F&itemsCount=36&searchId=f4578c31aa9848a4b349c75045912ce0&rank=145
146,6577491155,"닥터포텐 이어프로 미니 맥스 노이즈캔슬링 무선 블루투스 이어폰, 화이트, 이어프로 미니맥스 1set","59,000",/vp/products/6577491155?itemId=14788336601&vendorItemId=82028342910&sourceType=srp_product_ads&clickEventId=0908379d-4df9-4104-a612-2a8f20f8ebe4&korePlacement=15&koreSubPlacement=147&clickEventId=0908379d-4df9-4104-a612-2a8f20f8ebe4&korePlacement=15&koreSubPlacement=147&q=%EC%97%90%EC%96%B4%ED%8C%9F&itemsCount=36&searchId=f4578c31aa9848a4b349c75045912ce0&rank=146
147,6108406354,귀여운 실리콘 젤리 에어팟프로 (키링세트) 에어팟 곰돌이케이스,"7,000",/vp/products/6108406354?itemId=11495859505&vendorItemId=83303217381&q=%EC%97%90%EC%96%B4%ED%8C%9F&itemsCount=36&searchId=f4578c31aa9848a4b349c75045912ce0&rank=147
148,6252894092,"잇서 사일런트 ANC 액티브 노이즈 캔슬링 무선 블루투스 이어폰, WHITE","39,800",/vp/products/6252894092?itemId=12684775194&vendorItemId=80441007125&sourceType=srp_product_ads&clickEventId=86b8d54d-72ff-4258-ab1a-aa0fa66e5064&korePlacement=15&koreSubPlacement=149&clickEventId=86b8d54d-72ff-4258-ab1a-aa0fa66e5064&korePlacement=15&koreSubPlacement=149&q=%EC%97%90%EC%96%B4%ED%8C%9F&itemsCount=36&searchId=f4578c31aa9848a4b349c75045912ce0&rank=148
149,6736433009,"액티몬 아이폰 8핀 가정용 일체형 충전기 군대충전기 에어팟충전기 아이패드충전기 애플충전기 5V 2.1A, A476 화이트","8,350",/vp/products/6736433009?itemId=15711647626&vendorItemId=83141412823&q=%EC%97%90%EC%96%B4%ED%8C%9F&itemsCount=36&searchId=f4578c31aa9848a4b349c75045912ce0&rank=149
150,5683959239,"펜톤 코어 무선 블루투스 5.2 게이밍모드 이어폰, 블랙","48,050",/vp/products/5683959239?itemId=9394496954&vendorItemId=76735132856&sourceType=srp_product_ads&clickEventId=35aecae2-4a8e-48fa-b22c-f60fdebc31e5&korePlacement=15&koreSubPlacement=151&clickEventId=35aecae2-4a8e-48fa-b22c-f60fdebc31e5&korePlacement=15&koreSubPlacement=151&q=%EC%97%90%EC%96%B4%ED%8C%9F&itemsCount=36&searchId=f4578c31aa9848a4b349c75045912ce0&rank=150
151,6540669571,에어팟프로케이스 잠만보 귀여운캐릭터 포켓몬 명품케이스,"9,800",/vp/products/6540669571?itemId=14560927161&vendorItemId=81803199262&q=%EC%97%90%EC%96%B4%ED%8C%9F&itemsCount=36&searchId=f4578c31aa9848a4b349c75045912ce0&rank=151
152,6793111761,"엘라고 핸드폰 에어팟 카메라 스트랩 -베이직, 블랙","6,900",/vp/products/6793111761?itemId=16009854614&vendorItemId=83214571004&q=%EC%97%90%EC%96%B4%ED%8C%9F&itemsCount=36&searchId=f4578c31aa9848a4b349c75045912ce0&rank=152
153,6395879230,"에어팟 프로 3세대 디자인 보호 케이스 필름 키링, B 타입","11,800",/vp/products/6395879230?itemId=13657203314&vendorItemId=80909696104&q=%EC%97%90%EC%96%B4%ED%8C%9F&itemsCount=36&searchId=f4578c31aa9848a4b349c75045912ce0&rank=153
154,6424263940,"ACRO 프로 버즈 무선 블루투스 이어폰, probuz-b, 블랙","29,800",/vp/products/6424263940?itemId=13836335480&vendorItemId=81086492933&sourceType=srp_product_ads&clickEventId=0e423fb4-f0b3-4515-84a5-55dd3315fdbf&korePlacement=15&koreSubPlacement=155&clickEventId=0e423fb4-f0b3-4515-84a5-55dd3315fdbf&korePlacement=15&koreSubPlacement=155&q=%EC%97%90%EC%96%B4%ED%8C%9F&itemsCount=36&searchId=f4578c31aa9848a4b349c75045912ce0&rank=154
155,6523442037,죠르디 파우치 열쇠고리 가방고리 에어팟 케이스 키링 굿즈 선물,"17,800",/vp/products/6523442037?itemId=14462629597&vendorItemId=81706057735&q=%EC%97%90%EC%96%B4%ED%8C%9F&itemsCount=36&searchId=f4578c31aa9848a4b349c75045912ce0&rank=155
156,6161334395,"보스 QC45 무선 헤드폰, 트리플 블랙, QUIETCOMFORT 45 HEADPHONES","389,000",/vp/products/6161334395?itemId=11959607418&vendorItemId=79232195458&sourceType=srp_product_ads&clickEventId=09b5455e-47f3-4cc1-af14-118de8353b9f&korePlacement=15&koreSubPlacement=157&clickEventId=09b5455e-47f3-4cc1-af14-118de8353b9f&korePlacement=15&koreSubPlacement=157&q=%EC%97%90%EC%96%B4%ED%8C%9F&itemsCount=36&searchId=f4578c31aa9848a4b349c75045912ce0&rank=156
157,5809503914,"옴팡이 플러피 에어팟 프로 슬림하드 케이스 + 철가루 방지 스티커 + 키링, 디제이팡(케이스), 랜덤발송(키링)","21,000",/vp/products/5809503914?itemId=9990137661&vendorItemId=77273188281&q=%EC%97%90%EC%96%B4%ED%8C%9F&itemsCount=36&searchId=f4578c31aa9848a4b349c75045912ce0&rank=157
158,4896895985,"스핀핏 이어폰 에어팟 프로용 실리콘팁 M, CP1025, 혼합색상","21,980",/vp/products/4896895985?itemId=6385215167&vendorItemId=73680239287&q=%EC%97%90%EC%96%B4%ED%8C%9F&itemsCount=36&searchId=f4578c31aa9848a4b349c75045912ce0&rank=158
159,1221690364,"아이무이 에어팟프로 하드 케이스 스탠드 키링 포함 푸들, 풉","12,900",/vp/products/1221690364?itemId=2212702734&vendorItemId=70210484669&q=%EC%97%90%EC%96%B4%ED%8C%9F&itemsCount=36&searchId=f4578c31aa9848a4b349c75045912ce0&rank=159
160,2263764318,아즈라 에어팟 프로 셀라스텍 이어팁 M 2p + ML 2p + L 2p 세트,"36,900",/vp/products/2263764318?itemId=3880051546&vendorItemId=76474307341&q=%EC%97%90%EC%96%B4%ED%8C%9F&itemsCount=36&searchId=f4578c31aa9848a4b349c75045912ce0&rank=160
161,1684009931,"짱구 패턴 하드 에어팟 프로 케이스, 액션가면짱구패턴","18,900",/vp/products/1684009931?itemId=2868397960&vendorItemId=79843141890&q=%EC%97%90%EC%96%B4%ED%8C%9F&itemsCount=36&searchId=f4578c31aa9848a4b349c75045912ce0&rank=161
162,6757337057,"피너츠 픽미키링 스누피키링 아크링키링 에어팟스누피열쇠고리, 없음","2,100",/vp/products/6757337057?itemId=15825382495&vendorItemId=83037223480&q=%EC%97%90%EC%96%B4%ED%8C%9F&itemsCount=36&searchId=f4578c31aa9848a4b349c75045912ce0&rank=162
163,6682599358,"카카오프렌즈 죠르디 3in1 아이폰 고속충전 거치대 무선충전기 워치 에어팟, NNZJ-FWC3IN1A-006","39,000",/vp/products/6682599358?itemId=15415759629&vendorItemId=82635586117&q=%EC%97%90%EC%96%B4%ED%8C%9F&itemsCount=36&searchId=f4578c31aa9848a4b349c75045912ce0&rank=163
164,6563949382,메이딧 유니크 애니멀스킨2 슬라이드/터프/슬림하드케이스/에어팟/버즈 갤럭시22 Z플립3 등,"14,600",/vp/products/6563949382?itemId=14707535414&vendorItemId=81948302460&q=%EC%97%90%EC%96%B4%ED%8C%9F&itemsCount=36&searchId=f4578c31aa9848a4b349c75045912ce0&rank=164
165,5931529478,이케아 크뇔리그 키홀더 동전지갑 미니 장바구니 열쇠고리 키링 파우치 에어팟 보관가방,"1,250",/vp/products/5931529478?itemId=10541003817&vendorItemId=78447811598&q=%EC%97%90%EC%96%B4%ED%8C%9F&itemsCount=36&searchId=f4578c31aa9848a4b349c75045912ce0&rank=165
166,6260355877,"3in1 Magsafe 고속 무선 충전 보조배터리 아이폰 애플워치 에어팟, 블랙","24,300",/vp/products/6260355877?itemId=12743399003&vendorItemId=80009758657&q=%EC%97%90%EC%96%B4%ED%8C%9F&itemsCount=36&searchId=f4578c31aa9848a4b349c75045912ce0&rank=166
167,2263764352,아즈라 에어팟 프로 셀라스텍 이어팁 M 4p,"26,190",/vp/products/2263764352?itemId=3880051582&vendorItemId=71864706940&q=%EC%97%90%EC%96%B4%ED%8C%9F&itemsCount=36&searchId=f4578c31aa9848a4b349c75045912ce0&rank=167
168,5601580582,에어팟 악세사리 열쇠고리 키링 키홀더 키체인 (야구공) [0107_07799/minikitty],"3,750",/vp/products/5601580582?itemId=9021259803&vendorItemId=76307689073&q=%EC%97%90%EC%96%B4%ED%8C%9F&itemsCount=36&searchId=f4578c31aa9848a4b349c75045912ce0&rank=168
169,6519578943,"스포츠 농구공 키링 열쇠고리 에어팟 자동차 키 홀더, 농구공키링","2,690",/vp/products/6519578943?itemId=14438180768&vendorItemId=82986927223&q=%EC%97%90%EC%96%B4%ED%8C%9F&itemsCount=36&searchId=f4578c31aa9848a4b349c75045912ce0&rank=169
170,6226598260,힐링쉴드 에어팟3 철가루 방지 스티커 메탈 상하 세트 스페이스그레이 유광,"7,800",/vp/products/6226598260?itemId=12490823820&vendorItemId=79354458383&q=%EC%97%90%EC%96%B4%ED%8C%9F&itemsCount=36&searchId=f4578c31aa9848a4b349c75045912ce0&rank=170
171,6396814012,"앤커 맥세이프 호환 2 in 1 아이폰 마그네틱 무선충전기 에어팟 호환 멀티 고속충전, 스노우 화이트, 1개","59,900",/vp/products/6396814012?itemId=13661743227&vendorItemId=80914088420&q=%EC%97%90%EC%96%B4%ED%8C%9F&itemsCount=36&searchId=f4578c31aa9848a4b349c75045912ce0&rank=171
172,6311597387,"BT21 굿즈 핸드폰 사원증 명찰 이름표 에어팟 카드지갑 목걸이 넥 목 마스코트 스트랩 고리 끈 줄, MANG","6,900",/vp/products/6311597387?itemId=13103714533&vendorItemId=80364091946&q=%EC%97%90%EC%96%B4%ED%8C%9F&itemsCount=36&searchId=f4578c31aa9848a4b349c75045912ce0&rank=172
173,6362127800,"첼시 에어팟3 철가루 방지 스티커 (2set), 에어팟 3세대, 로즈 핑크","5,000",/vp/products/6362127800?itemId=13435493398&vendorItemId=80690009345&q=%EC%97%90%EC%96%B4%ED%8C%9F&itemsCount=36&searchId=f4578c31aa9848a4b349c75045912ce0&rank=173
174,6174346121,"미니언즈 에어팟 프로 호환 실리콘 무선이어폰 케이스, AIRPODPRO_DMF0001, 옐로우(케이스), 밥 앤 팀(키링)","9,800",/vp/products/6174346121?itemId=12074822643&vendorItemId=79346787813&q=%EC%97%90%EC%96%B4%ED%8C%9F&itemsCount=36&searchId=f4578c31aa9848a4b349c75045912ce0&rank=174
175,6443817264,"워터볼 키링 에어팟 키홀더 자동차 열쇠고리 가방고리, 키링)바다, (거북이)","3,500",/vp/products/6443817264?itemId=13958387757&vendorItemId=81207439551&q=%EC%97%90%EC%96%B4%ED%8C%9F&itemsCount=36&searchId=f4578c31aa9848a4b349c75045912ce0&rank=175
176,6099649662,"로마네 DONATDONAT 베어 에어팟 프로 실리콘 케이스 [에어팟프로 철가루방지 스티커 증정], 베리","12,000",/vp/products/6099649662?itemId=11422403675&vendorItemId=78698184387&q=%EC%97%90%EC%96%B4%ED%8C%9F&itemsCount=36&searchId=f4578c31aa9848a4b349c75045912ce0&rank=176
177,6607205317,"패피 그로밋 강아지인형 귀여운 에어팟키링 가방키링 애착인형, 요리사그로밋(25cm)","16,730",/vp/products/6607205317?itemId=14966278870&vendorItemId=83278367385&q=%EC%97%90%EC%96%B4%ED%8C%9F&itemsCount=36&searchId=f4578c31aa9848a4b349c75045912ce0&rank=177
178,4639702693,"[정품] 심슨 캐릭터 에어팟 프로 케이스, 바트심슨","15,800",/vp/products/4639702693?itemId=5769261870&vendorItemId=73067814429&q=%EC%97%90%EC%96%B4%ED%8C%9F&itemsCount=36&searchId=f4578c31aa9848a4b349c75045912ce0&rank=178
179,1675045068,"엘라고 아이폰 에어팟3/에어팟프로1/2 애플워치 3IN1 충전스탠드, 라벤더그레이, 1개","20,300",/vp/products/1675045068?itemId=2853844256&vendorItemId=70843172852&q=%EC%97%90%EC%96%B4%ED%8C%9F&itemsCount=36&searchId=f4578c31aa9848a4b349c75045912ce0&rank=179
180,6424263940,"ACRO 프로 버즈 무선 블루투스 이어폰, probuz-p, 퍼플","29,800",/vp/products/6424263940?itemId=13836335489&vendorItemId=81086492981&sourceType=srp_product_ads&clickEventId=2ffaf854-6f4c-41db-a73a-4800d302f0d4&korePlacement=15&koreSubPlacement=181&clickEventId=2ffaf854-6f4c-41db-a73a-4800d302f0d4&korePlacement=15&koreSubPlacement=181&q=%EC%97%90%EC%96%B4%ED%8C%9F&itemsCount=36&searchId=b5bb60b6d5b049a4b82f210ce3a25feb&rank=180
181,5233624414,"디즈니 프린세스 페이스 에어팟 케이스, 레드","16,150",/vp/products/5233624414?itemId=7373375324&vendorItemId=74664552132&q=%EC%97%90%EC%96%B4%ED%8C%9F&itemsCount=36&searchId=b5bb60b6d5b049a4b82f210ce3a25feb&rank=181
182,6529650988,"블라우풍트 ANC 노이즈 캔슬링 블루투스 5.3 커널형 이어폰 BLP-BE321, 화이트","37,900",/vp/products/6529650988?itemId=14497437656&vendorItemId=82629984434&sourceType=srp_product_ads&clickEventId=e0b6a381-4f6e-4fdf-8c3e-07280c0abcb2&korePlacement=15&koreSubPlacement=183&clickEventId=e0b6a381-4f6e-4fdf-8c3e-07280c0abcb2&korePlacement=15&koreSubPlacement=183&q=%EC%97%90%EC%96%B4%ED%8C%9F&itemsCount=36&searchId=b5bb60b6d5b049a4b82f210ce3a25feb&rank=182
183,6640390112,"더조은셀러 에어팟프로 호환 라텍스 이어팁 인비저블, 퓨어 클리어, L","15,200",/vp/products/6640390112?itemId=15177951631&vendorItemId=82702254674&q=%EC%97%90%EC%96%B4%ED%8C%9F&itemsCount=36&searchId=b5bb60b6d5b049a4b82f210ce3a25feb&rank=183
184,6577491155,"닥터포텐 이어프로 미니 맥스 노이즈캔슬링 무선 블루투스 이어폰, 화이트, 이어프로 미니맥스 1set","59,000",/vp/products/6577491155?itemId=14788336601&vendorItemId=82028342910&sourceType=srp_product_ads&clickEventId=9cbf5dca-43d3-4ff5-bd84-f05c7b5dd649&korePlacement=15&koreSubPlacement=185&clickEventId=9cbf5dca-43d3-4ff5-bd84-f05c7b5dd649&korePlacement=15&koreSubPlacement=185&q=%EC%97%90%EC%96%B4%ED%8C%9F&itemsCount=36&searchId=b5bb60b6d5b049a4b82f210ce3a25feb&rank=184
185,4970083408,"바보사랑 하트태슬 테디베어 에어팟 버즈 키링 키홀더 YU.해피툴, 브라운","9,410",/vp/products/4970083408?itemId=6596669211&vendorItemId=74245104859&q=%EC%97%90%EC%96%B4%ED%8C%9F&itemsCount=36&searchId=b5bb60b6d5b049a4b82f210ce3a25feb&rank=185
186,6252894092,"잇서 사일런트 ANC 액티브 노이즈 캔슬링 무선 블루투스 이어폰, WHITE","39,800",/vp/products/6252894092?itemId=12684775194&vendorItemId=80441007125&sourceType=srp_product_ads&clickEventId=ef55d88c-9c51-46d0-a290-102ee3335885&korePlacement=15&koreSubPlacement=187&clickEventId=ef55d88c-9c51-46d0-a290-102ee3335885&korePlacement=15&koreSubPlacement=187&q=%EC%97%90%EC%96%B4%ED%8C%9F&itemsCount=36&searchId=b5bb60b6d5b049a4b82f210ce3a25feb&rank=186
187,4971788268,"내셔널지오그래픽 크리스탈 범퍼 와펜 케이스, 에어팟, 스페이스","16,910",/vp/products/4971788268?itemId=6602118350&vendorItemId=73896131372&q=%EC%97%90%EC%96%B4%ED%8C%9F&itemsCount=36&searchId=b5bb60b6d5b049a4b82f210ce3a25feb&rank=187
188,5449054942,"지구촌마트 에어팟 프로 케이스 + 조개 키링, 물방울홀로그램(케이스) + 밀키핑크(키링)","8,800",/vp/products/5449054942?itemId=8309895840&vendorItemId=75597782561&q=%EC%97%90%EC%96%B4%ED%8C%9F&itemsCount=36&searchId=b5bb60b6d5b049a4b82f210ce3a25feb&rank=188
189,6577410829,"AirPods 에어팟 호환 1세대 2세대 이어팁 캡 덮개, 2-에어팟이어팁-흰색",990,/vp/products/6577410829?itemId=14788022229&vendorItemId=82028037694&q=%EC%97%90%EC%96%B4%ED%8C%9F&itemsCount=36&searchId=b5bb60b6d5b049a4b82f210ce3a25feb&rank=189
190,5683959239,"펜톤 코어 무선 블루투스 5.2 게이밍모드 이어폰, 블랙","48,050",/vp/products/5683959239?itemId=9394496954&vendorItemId=76735132856&sourceType=srp_product_ads&clickEventId=12160bef-3063-4123-a824-cfcd4b4d8fa6&korePlacement=15&koreSubPlacement=191&clickEventId=12160bef-3063-4123-a824-cfcd4b4d8fa6&korePlacement=15&koreSubPlacement=191&q=%EC%97%90%EC%96%B4%ED%8C%9F&itemsCount=36&searchId=b5bb60b6d5b049a4b82f210ce3a25feb&rank=190
191,6775696027,애플전용 아이폰 아이패드 에어팟 애플워치 3in1 C타입 라이트닝 멀티 충전 케이블,"11,900",/vp/products/6775696027?itemId=15920746315&vendorItemId=83121353186&q=%EC%97%90%EC%96%B4%ED%8C%9F&itemsCount=36&searchId=b5bb60b6d5b049a4b82f210ce3a25feb&rank=191
192,6161334395,"보스 QC45 무선 헤드폰, 트리플 블랙, QUIETCOMFORT 45 HEADPHONES","389,000",/vp/products/6161334395?itemId=11959607418&vendorItemId=79232195458&sourceType=srp_product_ads&clickEventId=2922e036-92f4-43a8-9364-6ac86b637b9a&korePlacement=15&koreSubPlacement=193&clickEventId=2922e036-92f4-43a8-9364-6ac86b637b9a&korePlacement=15&koreSubPlacement=193&q=%EC%97%90%EC%96%B4%ED%8C%9F&itemsCount=36&searchId=b5bb60b6d5b049a4b82f210ce3a25feb&rank=192
193,2161050317,"피너츠 에어팟 프로 케이스, 민트 스누피","16,900",/vp/products/2161050317?itemId=3671045422&vendorItemId=73686778117&q=%EC%97%90%EC%96%B4%ED%8C%9F&itemsCount=36&searchId=b5bb60b6d5b049a4b82f210ce3a25feb&rank=193
194,5911460897,"유엠투 아이폰 워치 에어팟 펜슬 / 갤럭시 버즈 올인원 고속 무선 충전 독 UMWH-4IN1, 블랙, 1개","39,900",/vp/products/5911460897?itemId=10451048154&vendorItemId=77732867050&q=%EC%97%90%EC%96%B4%ED%8C%9F&itemsCount=36&searchId=b5bb60b6d5b049a4b82f210ce3a25feb&rank=194
195,6776839024,"구스페리 제로퍼제로 애니멀 케이스, 에어팟 프로 2, 강아지1","12,900",/vp/products/6776839024?itemId=15925605663&vendorItemId=83132804867&q=%EC%97%90%EC%96%B4%ED%8C%9F&itemsCount=36&searchId=b5bb60b6d5b049a4b82f210ce3a25feb&rank=195
196,6764882518,"에어팟맥스커버 호환 밴드커버 파우치 케이스 이어폰 헤드셋 실리콘 헤드 쿠션 패드 쿠션, 없음","26,300",/vp/products/6764882518?itemId=15865473488&vendorItemId=83075256151&q=%EC%97%90%EC%96%B4%ED%8C%9F&itemsCount=36&searchId=b5bb60b6d5b049a4b82f210ce3a25feb&rank=196
197,6773901261,"구스페리 에어팟프로2 철가루방지 스티커 4p, 레드","7,900",/vp/products/6773901261?itemId=15912049552&vendorItemId=83119561868&q=%EC%97%90%EC%96%B4%ED%8C%9F&itemsCount=36&searchId=b5bb60b6d5b049a4b82f210ce3a25feb&rank=197
198,6531961329,"란데그 고급 에어팟3 실리콘 이어캡, 블루","10,270",/vp/products/6531961329?itemId=14511229577&vendorItemId=81754153956&q=%EC%97%90%EC%96%B4%ED%8C%9F&itemsCount=36&searchId=b5bb60b6d5b049a4b82f210ce3a25feb&rank=198
199,6657074571,"에어팟 맥스 소니 헤드폰 거치대 스탠드, 블랙","17,500",/vp/products/6657074571?itemId=15270841240&vendorItemId=82491363581&q=%EC%97%90%EC%96%B4%ED%8C%9F&itemsCount=36&searchId=b5bb60b6d5b049a4b82f210ce3a25feb&rank=199
200,4366525995,"저스트포유24 애니멀 에어팟 하드 케이스, 레오파드 퍼플","14,530",/vp/products/4366525995?itemId=5142072191&vendorItemId=72451446159&q=%EC%97%90%EC%96%B4%ED%8C%9F&itemsCount=36&searchId=b5bb60b6d5b049a4b82f210ce3a25feb&rank=200
201,6770955528,"짱구는못말려 짱구키링 열쇠고리 에어팟 가방고리 커플 키링, 18 트리산타클로스","3,500",/vp/products/6770955528?itemId=15898138805&vendorItemId=83106262838&q=%EC%97%90%EC%96%B4%ED%8C%9F&itemsCount=36&searchId=b5bb60b6d5b049a4b82f210ce3a25feb&rank=201
202,6740986651,"슈피겐 에어팟 3세대 샤인쉴드 철가루 방지 스티커 2p, 메탈릭실버, ASD01986","12,360",/vp/products/6740986651?itemId=15736293633&vendorItemId=82950219786&q=%EC%97%90%EC%96%B4%ED%8C%9F&itemsCount=36&searchId=b5bb60b6d5b049a4b82f210ce3a25feb&rank=202
203,6740986994,"슈피겐 에어팟 3세대 러기드아머 케이스, 차콜그레이, ASD01980","18,660",/vp/products/6740986994?itemId=15736295585&vendorItemId=82950221565&q=%EC%97%90%EC%96%B4%ED%8C%9F&itemsCount=36&searchId=b5bb60b6d5b049a4b82f210ce3a25feb&rank=203
204,6729078962,"[핸드메이드] 손뜨개 고래키링 에어팟커플키링 차키링 선물추천 티코스터증정, 스카이블루","5,000",/vp/products/6729078962?itemId=15673522174&vendorItemId=82889047603&q=%EC%97%90%EC%96%B4%ED%8C%9F&itemsCount=36&searchId=b5bb60b6d5b049a4b82f210ce3a25feb&rank=204
205,4702878768,"홀로그램 체인 키링 엔틱 코인 에어팟 버즈 자동차 키체인, S","8,900",/vp/products/4702878768?itemId=5925536038&vendorItemId=73223555084&q=%EC%97%90%EC%96%B4%ED%8C%9F&itemsCount=36&searchId=b5bb60b6d5b049a4b82f210ce3a25feb&rank=205
206,6209271602,"하트키링 에어팟키링 가방고리 열쇠고리 핸드메이드 뜨개키링, 핑크","5,000",/vp/products/6209271602?itemId=12367955997&vendorItemId=79637760713&q=%EC%97%90%EC%96%B4%ED%8C%9F&itemsCount=36&searchId=b5bb60b6d5b049a4b82f210ce3a25feb&rank=206
207,5358368069,"레고usb 피규어 16기가 키링 액세서리 에어팟 자동차키 열쇠고리 부자재 블럭, 이니셜추가","2,000",/vp/products/5358368069?itemId=7900569673&vendorItemId=75189971275&q=%EC%97%90%EC%96%B4%ED%8C%9F&itemsCount=36&searchId=b5bb60b6d5b049a4b82f210ce3a25feb&rank=207
208,5232873399,"프루그나 디자인 헝그리 에어팟 이어폰 하드케이스 + 카라비너, 원숭이","14,590",/vp/products/5232873399?itemId=7370841644&vendorItemId=74662008410&q=%EC%97%90%EC%96%B4%ED%8C%9F&itemsCount=36&searchId=b5bb60b6d5b049a4b82f210ce3a25feb&rank=208
209,6726989146,"디즈니 프린세스 캐슬 에어팟 프로 투명슬림 케이스, 라푼젤","17,900",/vp/products/6726989146?itemId=15661905778&vendorItemId=82877682771&q=%EC%97%90%EC%96%B4%ED%8C%9F&itemsCount=36&searchId=b5bb60b6d5b049a4b82f210ce3a25feb&rank=209
210,5837006245,원픽 갤럭시 A12 A32 진2 잔망루피 투명 범퍼 카드 케이스 Z플립 에어팟프로 버즈 라이브 프로 S21 V50 벨벳 키즈폰,"18,000",/vp/products/5837006245?itemId=10118159492&vendorItemId=77400929095&q=%EC%97%90%EC%96%B4%ED%8C%9F&itemsCount=36&searchId=b5bb60b6d5b049a4b82f210ce3a25feb&rank=210
211,5492451882,"우먼스9999 에어팟 맥스 밴드 커버, 블랙, 1개","9,800",/vp/products/5492451882?itemId=8507674323&vendorItemId=75795159091&q=%EC%97%90%EC%96%B4%ED%8C%9F&itemsCount=36&searchId=b5bb60b6d5b049a4b82f210ce3a25feb&rank=211
212,4971788268,"내셔널지오그래픽 크리스탈 범퍼 와펜 케이스, 에어팟프로, 익스플로어","16,910",/vp/products/4971788268?itemId=6602118362&vendorItemId=73896131474&q=%EC%97%90%EC%96%B4%ED%8C%9F&itemsCount=36&searchId=b5bb60b6d5b049a4b82f210ce3a25feb&rank=212
213,6194776760,카카오프렌즈 라이언 어피치 캐릭터 에이프릴샤워 하드 미니 파우치 에어팟 버즈 케이스 집 홀더 1p선택,"15,750",/vp/products/6194776760?itemId=12254308503&vendorItemId=79624785407&q=%EC%97%90%EC%96%B4%ED%8C%9F&itemsCount=36&searchId=b5bb60b6d5b049a4b82f210ce3a25feb&rank=213
214,5878748782,"로마네 에어팟 프로 DONATDONAT 베어 실리콘 케이스, 밀크티","13,250",/vp/products/5878748782?itemId=10305124570&vendorItemId=77587408463&q=%EC%97%90%EC%96%B4%ED%8C%9F&itemsCount=36&searchId=b5bb60b6d5b049a4b82f210ce3a25feb&rank=214
215,2263764232,아즈라 에어팟 프로 셀라스텍 이어팁 ML 4p,"29,040",/vp/products/2263764232?itemId=3880051429&vendorItemId=71864706735&q=%EC%97%90%EC%96%B4%ED%8C%9F&itemsCount=36&searchId=b5bb60b6d5b049a4b82f210ce3a25feb&rank=215
216,1655201533,"에어팟프로 귀여운 짱아아기 캐릭터 실리콘 이어폰 케이스 3세대/카라비너, 짱아 pro, 프로_SAP668","6,800",/vp/products/1655201533?itemId=2819783702&vendorItemId=70809267993&q=%EC%97%90%EC%96%B4%ED%8C%9F&itemsCount=36&searchId=a5c977f0bd59416289dd0b05ceb5eb7c&rank=216
217,6697921645,"3in1 무선충전기 에어팟 아이폰 애플워치 무선충전거치대, 블랙","19,900",/vp/products/6697921645?itemId=15502765752&vendorItemId=82722084391&q=%EC%97%90%EC%96%B4%ED%8C%9F&itemsCount=36&searchId=a5c977f0bd59416289dd0b05ceb5eb7c&rank=217
218,6760811705,"아오이 산리오 가방 에어팟 키링 쿠로미 마이멜로디 시나모롤, 1호","2,790",/vp/products/6760811705?itemId=15844105000&vendorItemId=83150466520&q=%EC%97%90%EC%96%B4%ED%8C%9F&itemsCount=36&searchId=a5c977f0bd59416289dd0b05ceb5eb7c&rank=218
219,6773901261,"구스페리 에어팟프로2 철가루방지 스티커 4p, 실버","7,900",/vp/products/6773901261?itemId=15912049559&vendorItemId=83119561889&q=%EC%97%90%EC%96%B4%ED%8C%9F&itemsCount=36&searchId=a5c977f0bd59416289dd0b05ceb5eb7c&rank=219
220,6498751506,"짱구 키링 열쇠고리 스트랩 어린이 선물 자동차 키홀더 에어팟 버즈, (짱구모음)06","6,900",/vp/products/6498751506?itemId=14298001234&vendorItemId=81542851344&q=%EC%97%90%EC%96%B4%ED%8C%9F&itemsCount=36&searchId=a5c977f0bd59416289dd0b05ceb5eb7c&rank=220
221,1294961138,"[바보사랑] 에어팟 버즈 아크릴 키링-슈나우져, 상세 설명 참조","7,000",/vp/products/1294961138?itemId=2307177057&vendorItemId=70304031547&q=%EC%97%90%EC%96%B4%ED%8C%9F&itemsCount=36&searchId=a5c977f0bd59416289dd0b05ceb5eb7c&rank=221
222,6081334643,"슈프림 나이프 에어팟 키링, 1개","9,500",/vp/products/6081334643?itemId=11274805722&vendorItemId=78551679976&q=%EC%97%90%EC%96%B4%ED%8C%9F&itemsCount=36&searchId=a5c977f0bd59416289dd0b05ceb5eb7c&rank=222
223,2161050317,"피너츠 스누피 에어팟 프로 케이스 + 키링 세트, 베이지 스누피","16,900",/vp/products/2161050317?itemId=3671045416&vendorItemId=72702642660&q=%EC%97%90%EC%96%B4%ED%8C%9F&itemsCount=36&searchId=a5c977f0bd59416289dd0b05ceb5eb7c&rank=223
224,5774743773,"포켓몬 메타몽 에어팟프로 하드케이스, 글루미메타몽","18,900",/vp/products/5774743773?itemId=9823442962&vendorItemId=77106960726&q=%EC%97%90%EC%96%B4%ED%8C%9F&itemsCount=36&searchId=a5c977f0bd59416289dd0b05ceb5eb7c&rank=224
225,1731017991,"누아트 에어팟프로 가죽케이스, 블랙","11,130",/vp/products/1731017991?itemId=2946575097&vendorItemId=70935098047&q=%EC%97%90%EC%96%B4%ED%8C%9F&itemsCount=36&searchId=a5c977f0bd59416289dd0b05ceb5eb7c&rank=225
226,6496246175,"디즈니 앨리스 오드 에어팟 3세대 하드 케이스, 플로럴 앨리스","17,900",/vp/products/6496246175?itemId=14282300263&vendorItemId=81527280284&q=%EC%97%90%EC%96%B4%ED%8C%9F&itemsCount=36&searchId=a5c977f0bd59416289dd0b05ceb5eb7c&rank=226
227,6222166299,"애플 3in1 충전기 아이폰13 애플워치7 올인원 무선 충전 거치대 에어팟 프로 맥스 미니 패드, 블랙","33,800",/vp/products/6222166299?itemId=12457697478&vendorItemId=79726695676&q=%EC%97%90%EC%96%B4%ED%8C%9F&itemsCount=36&searchId=a5c977f0bd59416289dd0b05ceb5eb7c&rank=227
228,6530660428,"명품에어팟케이스 1/2세대 프로 가죽케이스 블랙 오렌지컬러 + 에어팟분실방지스트랩, 에어팟프로, 오렌지","25,000",/vp/products/6530660428?itemId=14503507367&vendorItemId=81746501629&q=%EC%97%90%EC%96%B4%ED%8C%9F&itemsCount=36&searchId=a5c977f0bd59416289dd0b05ceb5eb7c&rank=228
229,6096308963,"아크릴 백참 데이지 스마일 데이지 곰돌이 팬던트 에어팟 버즈 키링, 반짝이스마일, 블루","1,000",/vp/products/6096308963?itemId=11394752194&vendorItemId=78670791026&q=%EC%97%90%EC%96%B4%ED%8C%9F&itemsCount=36&searchId=a5c977f0bd59416289dd0b05ceb5eb7c&rank=229
230,1921671787,"ICARER FAMILY 에어팟 1/2 실리콘 케이스, 스카이블루","2,000",/vp/products/1921671787?itemId=3262528058&vendorItemId=71249572536&q=%EC%97%90%EC%96%B4%ED%8C%9F&itemsCount=36&searchId=a5c977f0bd59416289dd0b05ceb5eb7c&rank=230
231,5751656033,"플래나 국기 시리즈 에어팟 아크릴 키링 키홀더, 5. 독일 국기 키링","6,900",/vp/products/5751656033?itemId=9713355627&vendorItemId=82141824703&q=%EC%97%90%EC%96%B4%ED%8C%9F&itemsCount=36&searchId=a5c977f0bd59416289dd0b05ceb5eb7c&rank=231
232,6046867797,스마트만족 실리콘 에어팟프로 케이스(블랙),"8,110",/vp/products/6046867797?itemId=11071388914&vendorItemId=78350883800&q=%EC%97%90%EC%96%B4%ED%8C%9F&itemsCount=36&searchId=a5c977f0bd59416289dd0b05ceb5eb7c&rank=232
233,6467898390,"네씨 에어팟맥스 소가죽커버, 엠보 블랙","57,540",/vp/products/6467898390?itemId=14105628573&vendorItemId=81352701348&q=%EC%97%90%EC%96%B4%ED%8C%9F&itemsCount=36&searchId=a5c977f0bd59416289dd0b05ceb5eb7c&rank=233
234,6764877205,"에어팟맥스커버 밴드커버 파우치 투명 소프트 실리콘 이어폰 보호 슬리브 케이스 airpods max 헤드폰 헤드셋 용 보호 쉘, 검은색","19,100",/vp/products/6764877205?itemId=15865429558&vendorItemId=83075214821&q=%EC%97%90%EC%96%B4%ED%8C%9F&itemsCount=36&searchId=a5c977f0bd59416289dd0b05ceb5eb7c&rank=234
235,5282263742,"고속 무선 충전기 15W 2in1 삼성 아이폰 에어팟 충전독 핸드폰 멀티 거치대, 검은색","19,800",/vp/products/5282263742?itemId=7566337685&vendorItemId=80081516344&q=%EC%97%90%EC%96%B4%ED%8C%9F&itemsCount=36&searchId=a5c977f0bd59416289dd0b05ceb5eb7c&rank=235
236,6640390112,"더조은셀러 에어팟프로 호환 라텍스 이어팁 인비저블, 인비저블 다크 클리어, SS","15,200",/vp/products/6640390112?itemId=15177951644&vendorItemId=82702254732&q=%EC%97%90%EC%96%B4%ED%8C%9F&itemsCount=36&searchId=a5c977f0bd59416289dd0b05ceb5eb7c&rank=236
237,6271640800,"에어팟 1 세대 및 2 세대 배터리 교체 A1604 A1523 A1722 A2032 A2031 GOKY93mWhA160, 01 1Pcs","16,300",/vp/products/6271640800?itemId=12828754988&vendorItemId=80094475644&q=%EC%97%90%EC%96%B4%ED%8C%9F&itemsCount=36&searchId=a5c977f0bd59416289dd0b05ceb5eb7c&rank=237
238,5166860907,"트라이코지 디자인 데이지라벨 에어팟 프로 TPU 케이스 키링포함, 에어팟 프로 케이스, 004","12,770",/vp/products/5166860907?itemId=7119672982&vendorItemId=74945313998&q=%EC%97%90%EC%96%B4%ED%8C%9F&itemsCount=36&searchId=a5c977f0bd59416289dd0b05ceb5eb7c&rank=238
239,6603365506,"뜨개 체리 키링 키홀더 에어팟 버즈 열쇠고리 키체인, 골드","6,930",/vp/products/6603365506?itemId=14943941928&vendorItemId=82167348366&q=%EC%97%90%EC%96%B4%ED%8C%9F&itemsCount=36&searchId=a5c977f0bd59416289dd0b05ceb5eb7c&rank=239
240,4706122795,"나인어클락 하드 고양이 냥이 에어팟 프로 케이스+냥이 키링, 고등어냥, 설기냥키링","20,800",/vp/products/4706122795?itemId=5933372196&vendorItemId=73231358310&q=%EC%97%90%EC%96%B4%ED%8C%9F&itemsCount=36&searchId=a5c977f0bd59416289dd0b05ceb5eb7c&rank=240
241,1215550126,"하엔 에어팟 키링, 앵두체리","7,500",/vp/products/1215550126?itemId=1056683967&vendorItemId=5529909682&q=%EC%97%90%EC%96%B4%ED%8C%9F&itemsCount=36&searchId=a5c977f0bd59416289dd0b05ceb5eb7c&rank=241
242,6422054714,"스누피 티켓 에어팟 프로 케이스, 샐리","19,900",/vp/products/6422054714?itemId=13821690696&vendorItemId=81071927518&q=%EC%97%90%EC%96%B4%ED%8C%9F&itemsCount=36&searchId=a5c977f0bd59416289dd0b05ceb5eb7c&rank=242
243,5233629734,"에어팟 이어팁 이어후크 1/2세대 bob 애플 전용 이어캡 이어버드, 에어팟_이어캡_화이트","3,090",/vp/products/5233629734?itemId=7373414751&vendorItemId=82893907618&q=%EC%97%90%EC%96%B4%ED%8C%9F&itemsCount=36&searchId=a5c977f0bd59416289dd0b05ceb5eb7c&rank=243
244,6679899730,하트 메쉬 파우치 매쉬 망사 다용도 생리대 화장품 여행용 미니 백인백 핸드폰 에어팟 대형,"3,400",/vp/products/6679899730?itemId=15398626124&vendorItemId=82618634922&q=%EC%97%90%EC%96%B4%ED%8C%9F&itemsCount=36&searchId=a5c977f0bd59416289dd0b05ceb5eb7c&rank=244
245,6311697778,"에어팟 맥스 스마트 방수 가벼운 이어폰 케이스 EC134, 블랙","23,220",/vp/products/6311697778?itemId=13104467513&vendorItemId=80364804965&q=%EC%97%90%EC%96%B4%ED%8C%9F&itemsCount=36&searchId=a5c977f0bd59416289dd0b05ceb5eb7c&rank=245
246,6596023651,플래나 에어플레인 티켓 시리즈 에어팟 프로 커스텀 TPU 투명 케이스,"10,110",/vp/products/6596023651?itemId=14902962357&vendorItemId=82149885159&q=%EC%97%90%EC%96%B4%ED%8C%9F&itemsCount=36&searchId=a5c977f0bd59416289dd0b05ceb5eb7c&rank=246
247,4696083492,"컴플라이 AirPods Pro 전용 메모리 폼팁 2.0 SMALL, 블랙","25,000",/vp/products/4696083492?itemId=5909386544&vendorItemId=73207473676&q=%EC%97%90%EC%96%B4%ED%8C%9F&itemsCount=36&searchId=a5c977f0bd59416289dd0b05ceb5eb7c&rank=247
248,6764878245,"에어팟맥스커버 호환 밴드커버 파우치 케이스 이어폰 헤드셋 실리콘 air pods 미끄럼, 하늘색","28,200",/vp/products/6764878245?itemId=15865437397&vendorItemId=83075223180&q=%EC%97%90%EC%96%B4%ED%8C%9F&itemsCount=36&searchId=a5c977f0bd59416289dd0b05ceb5eb7c&rank=248
249,4696083508,"컴플라이 AirPods Pro 전용 메모리 폼팁 2.0 MEDIUM, 블랙","25,000",/vp/products/4696083508?itemId=5909386587&vendorItemId=73207473706&q=%EC%97%90%EC%96%B4%ED%8C%9F&itemsCount=36&searchId=a5c977f0bd59416289dd0b05ceb5eb7c&rank=249
250,6683337698,[정품] 라인프렌즈 브롤스타즈 레온 피규어 에어팟 키링 열쇠고리,"4,900",/vp/products/6683337698?itemId=15419376583&vendorItemId=82639183408&q=%EC%97%90%EC%96%B4%ED%8C%9F&itemsCount=36&searchId=a5c977f0bd59416289dd0b05ceb5eb7c&rank=250
251,6222208889,"디즈니 푸 카툰 아머 캐리어 에어팟 프로 케이스, 리딩","19,800",/vp/products/6222208889?itemId=12457985196&vendorItemId=79726978682&q=%EC%97%90%EC%96%B4%ED%8C%9F&itemsCount=36&searchId=a5c977f0bd59416289dd0b05ceb5eb7c&rank=251
252,1077661034,"[바보사랑] bob 에어팟 유닛 전용 USB 일체형 충전거치대 싱크독 1세대 2세대 호환, 상세 설명 참조, 옵션/색상:에어팟유닛_충전독/블랙","17,000",/vp/products/1077661034?itemId=2028567432&vendorItemId=70027981425&q=%EC%97%90%EC%96%B4%ED%8C%9F&itemsCount=36&searchId=112af18932d14ccb8ce0332fd1acb392&rank=252
253,6714649978,"짱구 키링 캐릭터키링 열쇠고리 에어팟키링 가방고리, 인어공주짱구","3,700",/vp/products/6714649978?itemId=15599219854&vendorItemId=82817601389&q=%EC%97%90%EC%96%B4%ED%8C%9F&itemsCount=36&searchId=112af18932d14ccb8ce0332fd1acb392&rank=253
254,6659979173,"카카오프렌즈 니니즈 죠르디 일상 에어팟 프로 투명 슬림 케이스 + 키링 세트, 칩스","17,900",/vp/products/6659979173?itemId=15284559759&vendorItemId=82505015895&q=%EC%97%90%EC%96%B4%ED%8C%9F&itemsCount=36&searchId=112af18932d14ccb8ce0332fd1acb392&rank=254
255,6697375364,리비움 에어팟 프로 가죽 케이스,"12,900",/vp/products/6697375364?itemId=15499746002&vendorItemId=82734484499&q=%EC%97%90%EC%96%B4%ED%8C%9F&itemsCount=36&searchId=112af18932d14ccb8ce0332fd1acb392&rank=255
256,2263764309,아즈라 에어팟 프로 셀라스텍 이어팁 S 4p,"26,190",/vp/products/2263764309?itemId=3880051532&vendorItemId=71864706862&q=%EC%97%90%EC%96%B4%ED%8C%9F&itemsCount=36&searchId=112af18932d14ccb8ce0332fd1acb392&rank=256
257,6134134866,"이어폰 에어팟 버즈 미니 파우치 가죽 초미니 파우치, 핑크","11,050",/vp/products/6134134866?itemId=11717923474&vendorItemId=79588548077&q=%EC%97%90%EC%96%B4%ED%8C%9F&itemsCount=36&searchId=112af18932d14ccb8ce0332fd1acb392&rank=257
258,5690672352,"디즈니외 정품 라이선스 에어팟 케이스 1/2세대 / 프로 프로라이트 무선충전가능, 에어팟1세대 2세대 겸용, 아스카솔리드 - 블랙","13,800",/vp/products/5690672352?itemId=9422522680&vendorItemId=76707458572&q=%EC%97%90%EC%96%B4%ED%8C%9F&itemsCount=36&searchId=112af18932d14ccb8ce0332fd1acb392&rank=258
259,6437996444,"오리유치원 에어팟 열쇠고리 캐릭터 키홀더 커플 키링, 스카이블루","5,500",/vp/products/6437996444?itemId=13923056552&vendorItemId=81172472270&q=%EC%97%90%EC%96%B4%ED%8C%9F&itemsCount=36&searchId=112af18932d14ccb8ce0332fd1acb392&rank=259
260,6244014684,"KR실리콘덮개 2세대 이어캡 1세대 이어팁 에어팟호환, 본상품선택, 2-에어팟이어팁-흰색",570,/vp/products/6244014684?itemId=12620718122&vendorItemId=80257022716&q=%EC%97%90%EC%96%B4%ED%8C%9F&itemsCount=36&searchId=112af18932d14ccb8ce0332fd1acb392&rank=260
261,6516871400,"[MADE] 귀여운 공룡 에어팟 열쇠고리 아크릴 키링, 옐로우","7,250",/vp/products/6516871400?itemId=14420035974&vendorItemId=81663899494&q=%EC%97%90%EC%96%B4%ED%8C%9F&itemsCount=36&searchId=112af18932d14ccb8ce0332fd1acb392&rank=261
262,6746337739,"동그랗다 멍! 동글멍 강아지 인형 미니 에어팟 키링 16종류, 달마시안","7,000",/vp/products/6746337739?itemId=15763370555&vendorItemId=82976788644&q=%EC%97%90%EC%96%B4%ED%8C%9F&itemsCount=36&searchId=112af18932d14ccb8ce0332fd1acb392&rank=262
263,6776828875,"이케아 무선충전패드 아이폰 갤럭시 에어팟 버즈 패드 충전, 화이트304.574.94","9,900",/vp/products/6776828875?itemId=15925552965&vendorItemId=83132753518&q=%EC%97%90%EC%96%B4%ED%8C%9F&itemsCount=36&searchId=112af18932d14ccb8ce0332fd1acb392&rank=263
264,1745569880,"아미츄 리본앨리스 키링 A330 에어팟키링 버즈 Z플립 다이어리 자동차 키홀더, 1개, 퍼플","5,900",/vp/products/1745569880?itemId=2972320201&vendorItemId=70960726986&q=%EC%97%90%EC%96%B4%ED%8C%9F&itemsCount=36&searchId=112af18932d14ccb8ce0332fd1acb392&rank=264
265,6776839024,"구스페리 제로퍼제로 애니멀 케이스, 에어팟 프로 2, 강아지2","12,900",/vp/products/6776839024?itemId=15925605675&vendorItemId=83132804913&q=%EC%97%90%EC%96%B4%ED%8C%9F&itemsCount=36&searchId=112af18932d14ccb8ce0332fd1acb392&rank=265
266,4984430325,"스누피 키링 찰리브라운 에어팟 버즈 자동차 열쇠 차키 정식 라이선싱 홀로그램, 02_마법사스누피","13,000",/vp/products/4984430325?itemId=6638337249&vendorItemId=73932166422&q=%EC%97%90%EC%96%B4%ED%8C%9F&itemsCount=36&searchId=112af18932d14ccb8ce0332fd1acb392&rank=266
267,2066433061,[인포켓주] Frozen 브루니 불의정령 핸드메이드 키링 / 에어팟 갤럭시버즈 키링 키홀더 열쇠고리 이니셜 케이스 제작,"10,000",/vp/products/2066433061?itemId=3511498330&vendorItemId=72781235419&q=%EC%97%90%EC%96%B4%ED%8C%9F&itemsCount=36&searchId=112af18932d14ccb8ce0332fd1acb392&rank=267
268,6285223060,"9C9C 행복한 쿼카 에어팟프로 하드케이스, 독서쿼카","18,900",/vp/products/6285223060?itemId=12924787864&vendorItemId=80189356678&q=%EC%97%90%EC%96%B4%ED%8C%9F&itemsCount=36&searchId=112af18932d14ccb8ce0332fd1acb392&rank=268
269,5354767591,"에어팟 케이스 개구리그린 이어폰 파우치, 선인장하트빨강","6,300",/vp/products/5354767591?itemId=7885103743&vendorItemId=79146688128&q=%EC%97%90%EC%96%B4%ED%8C%9F&itemsCount=36&searchId=112af18932d14ccb8ce0332fd1acb392&rank=269
270,6446685008,"Linkvu 러블리덕 에어팟 실리콘 케이스 AirPods 3세대 프로 2세대 1세대, 에어팟3세대_귤오리","9,250",/vp/products/6446685008?itemId=13976863832&vendorItemId=82705379514&q=%EC%97%90%EC%96%B4%ED%8C%9F&itemsCount=36&searchId=112af18932d14ccb8ce0332fd1acb392&rank=270
271,6476274911,"에어팟맥스이어쿠션 AirPods MAX 이어패드 본품호환, 스페이스 그레이 이어커버","18,200",/vp/products/6476274911?itemId=14155779640&vendorItemId=81402201127&q=%EC%97%90%EC%96%B4%ED%8C%9F&itemsCount=36&searchId=112af18932d14ccb8ce0332fd1acb392&rank=271
272,6760467811,"[호환]원신 호두 유령 에어팟 1 2 3 프로 케이스, 에어팟 프로","14,000",/vp/products/6760467811?itemId=15842657915&vendorItemId=83053739581&q=%EC%97%90%EC%96%B4%ED%8C%9F&itemsCount=36&searchId=112af18932d14ccb8ce0332fd1acb392&rank=272
273,6776839024,"구스페리 제로퍼제로 애니멀 케이스, 에어팟 프로 2, 고양이와 나","12,900",/vp/products/6776839024?itemId=15925605617&vendorItemId=83132804627&q=%EC%97%90%EC%96%B4%ED%8C%9F&itemsCount=36&searchId=112af18932d14ccb8ce0332fd1acb392&rank=273
274,6776839024,"구스페리 제로퍼제로 애니멀 케이스, 에어팟 프로 2, 강아지 얼굴1","12,900",/vp/products/6776839024?itemId=15925605671&vendorItemId=83132804887&q=%EC%97%90%EC%96%B4%ED%8C%9F&itemsCount=36&searchId=112af18932d14ccb8ce0332fd1acb392&rank=274
275,1436158966,"그리디파머스 믹스매치 에어팟 카라비너, 스머프블루","6,730",/vp/products/1436158966?itemId=2478938192&vendorItemId=74472516583&q=%EC%97%90%EC%96%B4%ED%8C%9F&itemsCount=36&searchId=112af18932d14ccb8ce0332fd1acb392&rank=275
276,5526131923,"프로퍼빌롱잉즈 에어팟 프로 가죽 케이스, Mud beige","32,000",/vp/products/5526131923?itemId=8657992805&vendorItemId=75945176917&q=%EC%97%90%EC%96%B4%ED%8C%9F&itemsCount=36&searchId=112af18932d14ccb8ce0332fd1acb392&rank=276
277,6222208889,"디즈니 푸 카툰 아머 캐리어 에어팟 프로 케이스, 파자마","19,800",/vp/products/6222208889?itemId=12457985190&vendorItemId=79726978663&q=%EC%97%90%EC%96%B4%ED%8C%9F&itemsCount=36&searchId=112af18932d14ccb8ce0332fd1acb392&rank=277
278,6662398202,"플래나 항공 도면 시리즈 에어팟 3세대 TPU 투명 케이스, 1. 항공기 도면, AP3-SC","12,450",/vp/products/6662398202?itemId=15296405102&vendorItemId=82516797739&q=%EC%97%90%EC%96%B4%ED%8C%9F&itemsCount=36&searchId=112af18932d14ccb8ce0332fd1acb392&rank=278
279,5932436740,"디즈니 큐티 에어팟 Pro 아머케이스, 피글렛","18,870",/vp/products/5932436740?itemId=10545787229&vendorItemId=77827263944&q=%EC%97%90%EC%96%B4%ED%8C%9F&itemsCount=36&searchId=112af18932d14ccb8ce0332fd1acb392&rank=279
280,6223703325,진주 폼폼이 먼지 키링 에어팟/버즈 가방 자동차 키링 키홀더,"8,500",/vp/products/6223703325?itemId=12469125357&vendorItemId=79737987837&q=%EC%97%90%EC%96%B4%ED%8C%9F&itemsCount=36&searchId=112af18932d14ccb8ce0332fd1acb392&rank=280
281,6773901227,"구스페리 에어팟프로2 철가루방지 스티커 2p, 그린","5,900",/vp/products/6773901227?itemId=15912049343&vendorItemId=83119561728&q=%EC%97%90%EC%96%B4%ED%8C%9F&itemsCount=36&searchId=112af18932d14ccb8ce0332fd1acb392&rank=281
282,6393539353,"마블 에어팟 3세대 케이스, 캡틴아메리카","15,900",/vp/products/6393539353?itemId=13640675154&vendorItemId=80893372207&q=%EC%97%90%EC%96%B4%ED%8C%9F&itemsCount=36&searchId=112af18932d14ccb8ce0332fd1acb392&rank=282
283,6532859183,"윌레스와그로밋 키링 2가지 아크릴 키홀더 에어팟 가방악세사리 열쇠고리, 생일축하","2,230",/vp/products/6532859183?itemId=14516275635&vendorItemId=81821956640&q=%EC%97%90%EC%96%B4%ED%8C%9F&itemsCount=36&searchId=112af18932d14ccb8ce0332fd1acb392&rank=283
284,6202275665,"내셔널지오그래픽 에어팟 프로 러기드 범퍼 락 케이스, 블랙","20,000",/vp/products/6202275665?itemId=12313632005&vendorItemId=79583770904&q=%EC%97%90%EC%96%B4%ED%8C%9F&itemsCount=36&searchId=112af18932d14ccb8ce0332fd1acb392&rank=284
285,6816171060,"스페이스쉴드 애플 에어팟 프로 2세대 호환 철가루 방지 스티커 2P, 실버","6,900",/vp/products/6816171060?itemId=16140104944&vendorItemId=83336125771&q=%EC%97%90%EC%96%B4%ED%8C%9F&itemsCount=36&searchId=112af18932d14ccb8ce0332fd1acb392&rank=285
286,6079166445,"뽀뚜빠뚜 유기견 후원 기부 아크릴 키링 에어팟 키링 자동차 키홀더, 화이트","8,800",/vp/products/6079166445?itemId=11260101165&vendorItemId=78537086439&q=%EC%97%90%EC%96%B4%ED%8C%9F&itemsCount=36&searchId=112af18932d14ccb8ce0332fd1acb392&rank=286
287,6542939051,"블루투스 이어폰 에어팟 스마트폰 청소키트, 화이트","10,000",/vp/products/6542939051?itemId=14575071250&vendorItemId=81817203500&q=%EC%97%90%EC%96%B4%ED%8C%9F&itemsCount=36&searchId=112af18932d14ccb8ce0332fd1acb392&rank=287
288,6281198296,"캐릭터 구름 투명 아크릴 키링 에어팟 키홀더 열쇠고리 군번줄 키링 버즈 키링 Z플립, 파스텔구름(살구)","1,300",/vp/products/6281198296?itemId=12899172355&vendorItemId=80164153445
289,6710839027,"솔룸 큐티 베어 월드 에어팟 1/2 케이스, 혼합색상","11,200",/vp/products/6710839027?itemId=15579372978&vendorItemId=82798442519
290,6707800878,카카오프렌즈 춘식이 에어팟프로케이스 - 얼굴춘식,"15,900",/vp/products/6707800878?itemId=15561171113&vendorItemId=82780288868
291,6776839024,"구스페리 제로퍼제로 애니멀 케이스, 에어팟 프로 2, 강아지5","12,900",/vp/products/6776839024?itemId=15925605622&vendorItemId=83132804647
292,6771054085,자수 네임택 이름표 스트랩 러기지택 캐리어택 에어팟키링,"3,500",/vp/products/6771054085?itemId=15898632326&vendorItemId=83106742819
293,6651478886,"옴팡이 멜로 에어팟 3세대 슬림 하드 케이스 + 키링 랜덤발송 세트, 실로팡","18,500",/vp/products/6651478886?itemId=15242177378&vendorItemId=82462956700
294,6763976983,"오버액션 키키 에어팟 3세대 클리어 일체형 케이스, 뿌(케이스), 랜덤발송(키링)","17,900",/vp/products/6763976983?itemId=15859605778&vendorItemId=83069685027
295,6707812250,펭수 파우치 + 에어팟 케이스 세트 폰가방 크로스백 열쇠 고리 지퍼 가방 장식 키링 동전 지갑 작은 미니 주머니,"18,900",/vp/products/6707812250?itemId=15561227446&vendorItemId=82780409792
296,6221760560,에어팟 파우치 케이스 비숑 강아지 동전지갑 카드지갑 가방고리 주머니 미니 열쇠고리 키홀더 립밤,"19,800",/vp/products/6221760560?itemId=12455364993&vendorItemId=79724393106
297,6156266989,푸쉬팝 동전지갑 키링 에어팟 케이스 파우치 팟잇 장난감 미니 팝잇,"4,000",/vp/products/6156266989?itemId=11917007732&vendorItemId=79339144406
298,6776839024,"구스페리 제로퍼제로 애니멀 케이스, 에어팟 프로 2, 고양이1","12,900",/vp/products/6776839024?itemId=15925605631&vendorItemId=83132804695
299,6783327677,잡화쟁이 산리오 프랜즈 키링 키홀더 가방고리 열쇠고리 동전지갑 버즈 에어팟 마이멜로디 시나모롤 폼폼푸린 포차코,"6,900",/vp/products/6783327677?itemId=15959308768&vendorItemId=83165563111
300,6749037380,메타몽에어팟케이스 실리콘케이스 1-2세대 PRO케이스,"23,300",/vp/products/6749037380?itemId=15778143482&vendorItemId=82991302954
301,6130802835,"동물토끼키링 미피 백참 가방걸이 버즈 에어팟 키홀더 열쇠고리, 미피토끼","6,500",/vp/products/6130802835?itemId=11689940383&vendorItemId=78964273872
302,6586455303,"헤드셋케이스 헤드폰 파우치 케이스 보관함 골전도블루투스 가성비 무선 오픈형 블루투스 넥밴드 이어폰 이어셋 적용, 07 AirPods Max귀마개 커버【별자리원 화이트","37,100",/vp/products/6586455303?itemId=14843266979&vendorItemId=82082505641
303,6540691665,"디즈니 스티커 아머 캐리어 에어팟 1 / 2세대 케이스, 미키 마우스","19,800",/vp/products/6540691665?itemId=14561064758&vendorItemId=81803337183
304,6675426261,"체크 스마일꽃 태슬 핸드폰 에어팟 장식 2종 세트 키링 열쇠고리 가방 백참, 핑크화이트","16,000",/vp/products/6675426261?itemId=15374189777&vendorItemId=82594285945
305,4369724313,짱구는 못말려 실리콘 키링 입체 파우치 에어팟케이스,"9,800",/vp/products/4369724313?itemId=5149060029&vendorItemId=72458384984
306,6623622967,큐티오리키링/키링/가방키링/에어팟키링/버즈키링/가방,"6,460",/vp/products/6623622967?itemId=15070057376&vendorItemId=82999336526
307,1729705978,블랙＆핑크 LOVE 에어팟1/2세대 에어팟pro3세대 케이스,"5,900",/vp/products/1729705978?itemId=2944231927&vendorItemId=70932785753
308,6614999630,두들 2in1 맥세이프 무선 충전기 - 애플 아이폰 에어팟 프로 멀티 스탠드,"37,000",/vp/products/6614999630?itemId=15015962636&vendorItemId=82255041280
309,6662398206,"플래나 라벨 시리즈 에어팟 3세대 TPU 투명 케이스, 2. 세탁 방법, AP3-SC","12,450",/vp/products/6662398206?itemId=15296405123&vendorItemId=82516797786
310,6636906267,"몰랑 랜덤키링 마이키링 몰랑이 에어팟 캐릭터 열쇠고리, 단품","2,550",/vp/products/6636906267?itemId=15155374498&vendorItemId=82376840181
311,6669727897,톰과제리 에어팟 케이스,"9,900",/vp/products/6669727897?itemId=15340442335&vendorItemId=82560703640
312,6105170276,"별의 커비 요리사 입체 실리콘 에어팟 에어팟2 에어팟프로 케이스, 에어팟1/2","12,900",/vp/products/6105170276?itemId=11467746995&vendorItemId=78743110280
313,6545315936,"로마네 도낫도낫 베어 에어팟 프로 실리콘 케이스, 초코","14,500",/vp/products/6545315936?itemId=14590142401&vendorItemId=81832118571
314,6745452205,"초코랑 구름이 뽀글털 에어팟 케이스(1/2세대/프로) 보호커버 유니크한, 에어팟1/2, 베이지","11,970",/vp/products/6745452205?itemId=15759643881&vendorItemId=82973123948
315,6202300599,"에스더버니 하드 에어팟3 케이스 에어팟3 세대 카라비너 포함, 알라뷰버니","14,900",/vp/products/6202300599?itemId=12313798571&vendorItemId=79583934056
316,6609954872,"더조은셀러 에어팟 스트랩 퓨어 써클 체인, 실버, 퓨어 체인","12,800",/vp/products/6609954872?itemId=14984404942&vendorItemId=82255406754
317,6773901221,"구스페리 에어팟프로2 스무디 실리콘 케이스 + 카라비너 + 철가루방지스티커 세트, 연핑크(케이스), 랜덤발송(스티커)","7,900",/vp/products/6773901221?itemId=15912049319&vendorItemId=83119561715
318,6666687991,"플래나 백신 시리즈 에어팟 프로 TPU 투명 케이스, APP-SC-VAC, 1 화이자","11,530",/vp/products/6666687991?itemId=15324202222&vendorItemId=82544526176
319,6820293668,"베루스 에어팟 프로 2세대 테라가드 얼티메이트 이중 하드 범퍼 키링 케이스, 메탈블랙","19,900",/vp/products/6820293668?itemId=16058614193&vendorItemId=83291963641
320,1868623529,"미스터마켓 에어팟 프로 포켓몬스터 컬러 S2 하드케이스 + 철가루 방지 스티커 2p, 팬텀","39,800",/vp/products/1868623529?itemId=3176008181&vendorItemId=81193689194
321,337153538,허니 꿀단지 1세대 2세대 에어팟 케이스,"7,900",/vp/products/337153538?itemId=1075423583&vendorItemId=5569809349
322,4949547574,"커플 곰돌이 에어팟 케이스 테디베어 커플 에어팟 케이스 귀요미 커플 에어팟 케이스 귀염뽀짝커플 에어팟 케이스귀여운 디자인 에어팟 케이스 초귀여움커플 에어팟 케이스, A","8,900",/vp/products/4949547574?itemId=6535486914&vendorItemId=73829569664
323,1491761870,"아이무이 코자 에어팟 프로 케이스 + 철가루방지스티커 + 키링, 프렌치불독","12,900",/vp/products/1491761870?itemId=2560816680&vendorItemId=70553297959
324,5197700517,"몽굴즈 에어팟 프로 PRO 실리콘 케이스 분실방지스트랩 워치 밴드 홀더 세트, 블루, MGSAP-317","12,500",/vp/products/5197700517?itemId=7236433151&vendorItemId=70968174210&q=%EC%97%90%EC%96%B4%ED%8C%9F&itemsCount=36&searchId=bcdd1d6ff4544b38b9af16f69bf33a90&rank=324
325,6317661649,"더조은셀러 에어팟 범퍼 케이스 잠금 락 스위치 지퐁, 에어팟 프로","12,600",/vp/products/6317661649?itemId=13148554495&vendorItemId=80352141246&q=%EC%97%90%EC%96%B4%ED%8C%9F&itemsCount=36&searchId=bcdd1d6ff4544b38b9af16f69bf33a90&rank=325
326,6175518310,"에어팟프로케이스 1 2 3D 귀여운 나비 Funda 3 2021 소프트 반짝이 투명 이어폰 커버 펜던트 진주 인형, 에어팟 프로용","17,600",/vp/products/6175518310?itemId=12084158683&vendorItemId=79356066771&q=%EC%97%90%EC%96%B4%ED%8C%9F&itemsCount=36&searchId=bcdd1d6ff4544b38b9af16f69bf33a90&rank=326
327,6724980072,"원피스에어팟케이스 악마의열매에어팟케이스 에이스 루피 이글이글, J, airpods pro","14,700",/vp/products/6724980072?itemId=15650081126&vendorItemId=82866047204&q=%EC%97%90%EC%96%B4%ED%8C%9F&itemsCount=36&searchId=bcdd1d6ff4544b38b9af16f69bf33a90&rank=327
328,6741303209,"헤드폰 걸이 헤드셋 거치대 소니 에어팟맥스 스탠드 알루미늄 합금 블랙/오늘만 할인!, 실버","8,140",/vp/products/6741303209?itemId=15737622145&vendorItemId=83039171187&q=%EC%97%90%EC%96%B4%ED%8C%9F&itemsCount=36&searchId=bcdd1d6ff4544b38b9af16f69bf33a90&rank=328
329,6655117336,로마네 브런치브라더 아이팟 3세대 에어팟3 귀여운 에어팟 프로 실리콘 케이스 버니 퍼피,"12,390",/vp/products/6655117336?itemId=15260777577&vendorItemId=82481384271&q=%EC%97%90%EC%96%B4%ED%8C%9F&itemsCount=36&searchId=bcdd1d6ff4544b38b9af16f69bf33a90&rank=329
330,6612574619,"디즈니 토이스토리 퍼니 투명 에어팟 3 케이스, 외계인","15,900",/vp/products/6612574619?itemId=15000806840&vendorItemId=82223675796&q=%EC%97%90%EC%96%B4%ED%8C%9F&itemsCount=36&searchId=bcdd1d6ff4544b38b9af16f69bf33a90&rank=330
331,6167197062,트리베어 2개 시크 아기 공룡 키홀더 키링 열쇠고리 스트랩 에어팟 가방 새차 차키 커플 우정 생일 선물,"15,000",/vp/products/6167197062?itemId=12012508385&vendorItemId=79300519298&q=%EC%97%90%EC%96%B4%ED%8C%9F&itemsCount=36&searchId=bcdd1d6ff4544b38b9af16f69bf33a90&rank=331
332,6776839024,"구스페리 제로퍼제로 애니멀 케이스, 에어팟 프로 2, 강아지와 나","12,900",/vp/products/6776839024?itemId=15925605653&vendorItemId=83132804806&q=%EC%97%90%EC%96%B4%ED%8C%9F&itemsCount=36&searchId=bcdd1d6ff4544b38b9af16f69bf33a90&rank=332
333,6738366224,가죽 에어팟 파우치 키링 백참 키홀더 30대 커플키링 핸드폰 차열쇠고리 차,"9,500",/vp/products/6738366224?itemId=15722721809&vendorItemId=82936760401&q=%EC%97%90%EC%96%B4%ED%8C%9F&itemsCount=36&searchId=bcdd1d6ff4544b38b9af16f69bf33a90&rank=333
334,1395054833,"구스페리 머큐리 커플 디자인 에어팟 프로 케이스 + 키링 + 철가루 방지 스티커, 꽃을든여자","13,900",/vp/products/1395054833?itemId=2430297272&vendorItemId=70424254805&q=%EC%97%90%EC%96%B4%ED%8C%9F&itemsCount=36&searchId=bcdd1d6ff4544b38b9af16f69bf33a90&rank=334
335,2057535195,"퀸즈 에어팟케이스 파우치 에어팟2세대케이스 1세대 아이팟, 8660345_05_퍼플","9,900",/vp/products/2057535195?itemId=3497311653&vendorItemId=71483517705&q=%EC%97%90%EC%96%B4%ED%8C%9F&itemsCount=36&searchId=bcdd1d6ff4544b38b9af16f69bf33a90&rank=335
336,4362070103,"주문제작 레트로 삐삐 에어팟 프로 케이스 키링증정, 에어팟_프로_케이스_레트로_삐삐_네이비","14,500",/vp/products/4362070103?itemId=5131343252&vendorItemId=72440753078&q=%EC%97%90%EC%96%B4%ED%8C%9F&itemsCount=36&searchId=bcdd1d6ff4544b38b9af16f69bf33a90&rank=336
337,1229659368,"라인프렌즈 에어팟 프로 AirPods Pro 케이스 페이스타입, 미니 브라운, 에어팟프로","15,900",/vp/products/1229659368?itemId=2222654085&vendorItemId=70220334458&q=%EC%97%90%EC%96%B4%ED%8C%9F&itemsCount=36&searchId=bcdd1d6ff4544b38b9af16f69bf33a90&rank=337
338,6402872045,복슬 귤 먼지 폼폼이 버즈 에어팟 키링 가방 열쇠고리 백참,"4,900",/vp/products/6402872045?itemId=13697639167&vendorItemId=80949122621&q=%EC%97%90%EC%96%B4%ED%8C%9F&itemsCount=36&searchId=bcdd1d6ff4544b38b9af16f69bf33a90&rank=338
339,1362226063,"인쇄연구소 실리콘 해외 챔피언스리그 축구팀 유니폼 버즈 에어팟 자동차 키링 열쇠고리, 리버풀-살라","5,900",/vp/products/1362226063?itemId=2393612937&vendorItemId=70388903195&q=%EC%97%90%EC%96%B4%ED%8C%9F&itemsCount=36&searchId=bcdd1d6ff4544b38b9af16f69bf33a90&rank=339
340,5891133620,"에어팟 프로 고급 레더 케이스, 네이비","10,000",/vp/products/5891133620?itemId=10359769753&vendorItemId=77641924045&q=%EC%97%90%EC%96%B4%ED%8C%9F&itemsCount=36&searchId=bcdd1d6ff4544b38b9af16f69bf33a90&rank=340
341,6283947718,"와우박스 휴스턴 로키츠 엠블럼 에어팟 버즈 라이브 하드 케이스, 무광 하드케이스, 에어팟 프로","9,900",/vp/products/6283947718?itemId=12916693298&vendorItemId=80181414920&q=%EC%97%90%EC%96%B4%ED%8C%9F&itemsCount=36&searchId=bcdd1d6ff4544b38b9af16f69bf33a90&rank=341
342,6252973940,짱구 흰둥이 부리부리 초코비 동전지갑 파우치 푸푸백 똥주머니 에어팟케이스,"7,900",/vp/products/6252973940?itemId=12685235742&vendorItemId=79952197472&q=%EC%97%90%EC%96%B4%ED%8C%9F&itemsCount=36&searchId=bcdd1d6ff4544b38b9af16f69bf33a90&rank=342
343,1698648872,"SAMIN 몰티져스 에어팟케이스 에어팟1 에어팟2 에어팟프로 케이스, 에어팟1/2공용","9,900",/vp/products/1698648872?itemId=2891159565&vendorItemId=70880179868&q=%EC%97%90%EC%96%B4%ED%8C%9F&itemsCount=36&searchId=bcdd1d6ff4544b38b9af16f69bf33a90&rank=343
344,5417612421,"에어팟 프로 케이스, 밀키레드","7,900",/vp/products/5417612421?itemId=8171267366&vendorItemId=75459416295&q=%EC%97%90%EC%96%B4%ED%8C%9F&itemsCount=36&searchId=bcdd1d6ff4544b38b9af16f69bf33a90&rank=344
345,1187435991,"MAXI 아이폰 애플워치 스트랩 에어팟 거치대 분실방지, 블랙","1,200",/vp/products/1187435991?itemId=2168293686&vendorItemId=70166427948&q=%EC%97%90%EC%96%B4%ED%8C%9F&itemsCount=36&searchId=bcdd1d6ff4544b38b9af16f69bf33a90&rank=345
346,6790436043,"아이엠듀 에어팟 투명 TPU 케이스, 3세대","9,900",/vp/products/6790436043?itemId=15996672468&vendorItemId=83201936632&q=%EC%97%90%EC%96%B4%ED%8C%9F&itemsCount=36&searchId=bcdd1d6ff4544b38b9af16f69bf33a90&rank=346
347,1667368645,"짱구 와 흰둥이 하드 에어팟 프로 케이스 + 철가루 방지 스티커, 목욕짱구와흰둥이","16,750",/vp/products/1667368645?itemId=2840846657&vendorItemId=70830217549&q=%EC%97%90%EC%96%B4%ED%8C%9F&itemsCount=36&searchId=bcdd1d6ff4544b38b9af16f69bf33a90&rank=347
348,6432312562,"찰칵 공룡 파노라마 사진기 키링 열쇠고리 가방장식 에어팟키링, 퍼플","4,700",/vp/products/6432312562?itemId=13886523526&vendorItemId=82098686448&q=%EC%97%90%EC%96%B4%ED%8C%9F&itemsCount=36&searchId=bcdd1d6ff4544b38b9af16f69bf33a90&rank=348
349,6062872608,"이칠칠 에어팟 1 2세대 프로 귀여운 햄스터 동물 인형 실리콘 젤리 케이스 커버, 에어팟 1세대","6,900",/vp/products/6062872608?itemId=11157208241&vendorItemId=78435488264&q=%EC%97%90%EC%96%B4%ED%8C%9F&itemsCount=36&searchId=bcdd1d6ff4544b38b9af16f69bf33a90&rank=349
350,6235452067,[정품] 라인프렌즈 초코 미니 페이스 인형 키링 에어팟 열쇠고리,"6,400",/vp/products/6235452067?itemId=12555041668&vendorItemId=79823353446&q=%EC%97%90%EC%96%B4%ED%8C%9F&itemsCount=36&searchId=bcdd1d6ff4544b38b9af16f69bf33a90&rank=350
351,6610925498,"DFMEI 적용 에어팟 케이스 시바견 실리콘 케이스 낙상방지, DFMEI 화이트 컵 블랙 시바 INU+등산 버클, AirPods1/2 생성","19,910",/vp/products/6610925498?itemId=14989983160&vendorItemId=82212950871&q=%EC%97%90%EC%96%B4%ED%8C%9F&itemsCount=36&searchId=bcdd1d6ff4544b38b9af16f69bf33a90&rank=351
352,6662398064,"플래나 양덕이네 시리즈 에어팟 3세대 TPU 투명 케이스, 3. 박스 조타, AP3-SC","12,450",/vp/products/6662398064?itemId=15296404299&vendorItemId=82516797136&q=%EC%97%90%EC%96%B4%ED%8C%9F&itemsCount=36&searchId=bcdd1d6ff4544b38b9af16f69bf33a90&rank=352
353,6291208961,마쿠로쿠로스케 에어팟pro 키링케이스 지브리 에어팟프로 키링 실리콘케이스 1세대 2세대,"8,800",/vp/products/6291208961?itemId=12963462025&vendorItemId=80227581497&q=%EC%97%90%EC%96%B4%ED%8C%9F&itemsCount=36&searchId=bcdd1d6ff4544b38b9af16f69bf33a90&rank=353
354,6773901221,"구스페리 에어팟프로2 스무디 실리콘 케이스 + 카라비너 + 철가루방지스티커 세트, 네이비(케이스), 랜덤발송(스티커)","7,900",/vp/products/6773901221?itemId=15912049327&vendorItemId=83119561744&q=%EC%97%90%EC%96%B4%ED%8C%9F&itemsCount=36&searchId=bcdd1d6ff4544b38b9af16f69bf33a90&rank=354
355,6531626979,"컴포지션 에어팟 에어팟프로 에어팟3 버즈 플러스 프로 2 라이브 케이스 물감 잉크 패턴 케이스, 블랙, 버즈/버즈플러스","9,900",/vp/products/6531626979?itemId=14509466570&vendorItemId=81752402167&q=%EC%97%90%EC%96%B4%ED%8C%9F&itemsCount=36&searchId=bcdd1d6ff4544b38b9af16f69bf33a90&rank=355
356,6088547614,"저스트포유 보딩 블링 아쿠아 에어팟 프로 케이스, 도쿄","13,700",/vp/products/6088547614?itemId=11333934105&vendorItemId=78610429772&q=%EC%97%90%EC%96%B4%ED%8C%9F&itemsCount=36&searchId=bcdd1d6ff4544b38b9af16f69bf33a90&rank=356
357,5417612421,"에어팟 프로 케이스, 밀키블루","7,900",/vp/products/5417612421?itemId=8171267360&vendorItemId=75459416285&q=%EC%97%90%EC%96%B4%ED%8C%9F&itemsCount=36&searchId=bcdd1d6ff4544b38b9af16f69bf33a90&rank=357
358,6605173233,"귀요미먼지 에어팟케이스, 에어팟1/2세대","3,900",/vp/products/6605173233?itemId=14954602799&vendorItemId=82177913608&q=%EC%97%90%EC%96%B4%ED%8C%9F&itemsCount=36&searchId=bcdd1d6ff4544b38b9af16f69bf33a90&rank=358
359,1397093477,"산리오 캐릭터 폼폼푸린 에어팟 프로 케이스, 폼폼푸린_운동","12,000",/vp/products/1397093477?itemId=2432512471&vendorItemId=70426434214&q=%EC%97%90%EC%96%B4%ED%8C%9F&itemsCount=36&searchId=bcdd1d6ff4544b38b9af16f69bf33a90&rank=359
